url,url_mobile,title,seendate,socialimage,domain,language,sourcecountry
https://www.agenzianova.com/news/arabia-saudita-ha-intercettato-droni-di-teheran-contro-tel-aviv-durante-la-guerra/,,LArabia Saudita ha intercettato droni di Teheran contro Tel Aviv durante la guerra,20250704T133000Z,https://www.agenzianova.com/news/wp-content/uploads/2023/09/Droni-russi.jpg,agenzianova.com,Italian,Italy
https://www.secoloditalia.it/2025/07/putin-non-getta-via-niente-la-russia-riconosce-anche-i-talebani-per-la-prima-volta-nel-mondo-e-la-cina-applaude/,,Putin non getta via niente : la Russia riconosce anche i talebani ( per la prima volta nel mondo ). E la Cina applaude,20250704T184500Z,https://www.secoloditalia.it/files/2025/07/Ruski-talebani.jpg,secoloditalia.it,Italian,Italy
https://oggitreviso.it/doppio-colpo-allucraina-mosca-alza-pressione-washington-si-ritira-au25478-358594,,"Doppio colpo allUcraina : Mosca alza la pressione , Washington si ritira",20250703T123000Z,https://www.oggitreviso.it/sites/default/files/styles/505/public/field/image/Schermata%202025-07-03%20alle%2011.39.31.jpg?itok=AO9Oh5_y,oggitreviso.it,Italian,Italy
https://www.money.it/non-solo-petrolio-ecco-cos-altro-gestisce-fondo-invedztimento-dzaudita,,"Non solo petrolio , ecco cosaltro gestisce іl fоndо dі іnvеѕtіmеntо ѕаudіtа",20250705T124500Z,https://www.money.it/local/cache-gd2/aa/2a22589dd2176e7384603be78dac87.png,money.it,Italian,Italy
https://www.ansa.it/ansamed/it/notizie/rubriche/cronaca/2025/07/07/amnesty-record-esecuzioni-in-arabia-saudita-345-lanno-scorso_2e205bc0-0d93-4095-a8c2-bc7afbab7389.html,https://www.ansa.it/amp/ansamed/it/notizie/rubriche/cronaca/2025/07/07/amnesty-record-esecuzioni-in-arabia-saudita-345-lanno-scorso_2e205bc0-0d93-4095-a8c2-bc7afbab7389.html,"Amnesty , record di esecuzioni in Arabia Saudita , 345 lanno scorso - Cronaca",20250707T173000Z,https://www.ansa.it/webimages/img_1129x635/2025/2/19/43c471958aab92b51a3d344c31bc82bf.jpg,ansa.it,Italian,Italy
https://www.wired.it/article/eclissi-solare-totale-del-2027-la-piu-lunga-del-secolo-quando-e-dove-vederla-italia/,,"Eclissi solare totale del 2027 , manca ancora un po  ma sappiate che sarà la più lunga della vostra vita",20250708T141500Z,"https://media-assets.wired.it/photos/686d0dc187c29402d1d6ce5d/16:9/w_1280,c_limit/1724180546",wired.it,Italian,Italy
https://www.calciomercato.it/2025/07/08/inter-oltre-80-milioni-per-barella-ce-il-gran-rifiuto/,https://www.calciomercato.it/2025/07/08/inter-oltre-80-milioni-per-barella-ce-il-gran-rifiuto/amp/,"Inter , oltre 80 milioni per Barella : c  è il gran rifiuto",20250708T123000Z,https://www.calciomercato.it/wp-content/uploads/2025/07/Barella.jpg,calciomercato.it,Italian,Italy
https://www.ilgiorno.it/varese/cronaca/ucciso-orso-romania-samarate-sop6rqlv,,"Motociclista sbranato da un orso in Romania ,  Omar Farang Zin ha filmato la sua morte :  Che bello , viene verso di me  ",20250703T194500Z,https://www.ilgiorno.it/image-service/view/acePublic/alias/contentid/NmM4NWMxYWYtNjNjNy00/0/omar-farang-zin-l-uomo-ucciso-da-un-orso-a-transfagarasan-in-romania.jpeg,ilgiorno.it,Italian,Italy
https://www.linkiesta.it/2025/07/benjamin-netanyahu-estrema-destra-israele-trump-accordi-di-abramo/,,Lultimo azzardo di Netanyahu potrebbe allontanare lestrema destra dal governo israeliano,20250703T033000Z,https://www.linkiesta.it/wp-content/uploads/2025/07/23393083-small.jpg,linkiesta.it,Italian,Italy
https://www.zazoom.it/2025-07-07/wwe-survivor-series-2026-in-arabia-saudita/17331186/,,WWE | Survivor Series 2026 in Arabia Saudita ? ,20250707T123000Z,,zazoom.it,Italian,Italy
https://www.wired.it/article/beidoue-costellazione-satelliti-cina-alternativa-gps/,,Con BeiDou la Cina ha creato lalternativa alla navigazione satellitare degli Stati Uniti,20250706T063000Z,"https://media-assets.wired.it/photos/686817cafa6a8f7d009edd82/16:9/w_1280,c_limit/1320437826",wired.it,Italian,Italy
https://www.ilgiornaledivicenza.it/news/mondo/macron-telefonata-con-trump-su-iran-ucraina-e-accordo-dazi-1.12728770,https://www.larena.it/news/mondo/macron-telefonata-con-trump-su-iran-ucraina-e-accordo-dazi-1.12728770/amp,"Macron , telefonata con Trump su Iran , Ucraina e accordo dazi",20250704T014500Z,https://gfx.ilgiornaledivicenza.it/image/contentid/policy:1.12728771:1751584207/image.jpg?f=16x9&$p$f$h$w=7061f55,ilgiornaledivicenza.it,Italian,Italy
https://www.ansa.it/sito/notizie/mondo/europa/2025/07/04/macron-telefonata-con-trump-su-iran-ucraina-e-accordo-dazi_854e9644-a313-441b-b611-280d89106e37.html,https://www.ansa.it/amp/sito/notizie/mondo/europa/2025/07/04/macron-telefonata-con-trump-su-iran-ucraina-e-accordo-dazi_854e9644-a313-441b-b611-280d89106e37.html,"Macron , telefonata con Trump su Iran , Ucraina e accordo dazi - Europa",20250704T020000Z,https://www.ansa.it/webimages/img_1129x635/2025/6/22/e0007e03a7dc86e674d61724ee30e3cc.jpg,ansa.it,Italian,Italy
https://www.larena.it/news/mondo/macron-telefonata-con-trump-su-iran-ucraina-e-accordo-dazi-1.12728770,https://www.larena.it/news/mondo/macron-telefonata-con-trump-su-iran-ucraina-e-accordo-dazi-1.12728770/amp,"Macron , telefonata con Trump su Iran , Ucraina e accordo dazi",20250704T034500Z,https://gfx.larena.it/image/contentid/policy:1.12728771:1751584207/image.jpg?f=16x9&$p$f$h$w=7061f55,larena.it,Italian,Italy
https://www.agenzianova.com/news/brics-i-ministri-delle-finanze-chiedono-riforme-radicali-nellfmi/,,Brics : i ministri delle Finanze chiedono riforme radicali nellFmi,20250706T160000Z,https://www.agenzianova.com/news/wp-content/uploads/2025/07/brics.jpg,agenzianova.com,Italian,Italy
https://www.zazoom.it/2025-07-04/retegui-verso-larabia-latalanta-ha-gia-il-sostituto-arriva-dalla-serie-a/17317796/,,Retegui verso lArabia ? LAtalanta ha già il sostituto,20250704T133000Z,https://www.serieanews.com/wp-content/uploads/2025/07/Retegui-cessione-20250704-SerieANews.com_.jpg,zazoom.it,Italian,Italy
https://www.zazoom.it/2025-07-05/calciomercato-juve-retegui-verso-larabia-come-lo-sostituira-latalanta-il-nome-in-pole-position-per-lattacco-e-il-suo-rivelazione/17322897/,,Calciomercato Juve | Retegui verso lArabia come lo sostituirà lAtalanta ? Il nome in pole position per lattacco è il suo rivelazione,20250705T134500Z,https://www.juventusnews24.com/wp-content/uploads/2023/03/Retegui.jpg,zazoom.it,Italian,Italy
https://www.zazoom.it/2025-07-09/nepal-proseguono-le-ricerche-dei-dispersi-dopo-esondazioni-fiume-bhotekoshi/17343347/,,Nepal proseguono le ricerche dei dispersi dopo esondazioni fiume Bhotekoshi,20250709T133000Z,https://img.lapresse.it/2025/07/09/f632832441e7013fa76b976f32ff7d5f.jpg,zazoom.it,Italian,Italy
https://www.tuttomercatoweb.com/serie-a/fiorentina-kean-tiene-tutti-col-fiato-sospeso-intanto-il-club-viola-studia-il-colpo-endrick-2122033,https://m.tuttomercatoweb.com/amp/serie-a/fiorentina-kean-tiene-tutti-col-fiato-sospeso-intanto-il-club-viola-studia-il-colpo-endrick-2122033,"Fiorentina , Kean tiene tutti col fiato sospeso : intanto il club viola studia il colpo Endrick",20250707T191500Z,https://tmw-storage.tcccdn.com/storage/tuttomercatoweb.com/img_notizie/thumb3/6c/6c17dec52fabbc71ee88b1984cb0090e-62790-oooz0000.jpeg,tuttomercatoweb.com,Italian,Italy
https://www.zazoom.it/2025-07-08/mctominay-incredibile-tentativo-dallarabia-cosa-ha-deciso-il-centrocampista/17335024/,,McTominay incredibile tentativo dallArabia | cosa ha deciso il centrocampista,20250708T073000Z,https://www.spazionapoli.it/wp-content/uploads/2025/07/McTominay_Arabia_08_07_2025_SpazioNapoli.jpg,zazoom.it,Italian,Italy
https://www.varesenews.it/2025/07/da-induno-olona-al-nepal-sara-pronta-a-partire-per-insegnare-inglese-ai-bambini-di-dhikure/2287822/,,"Da Induno Olona al Nepal , Sara pronta a partire per insegnare inglese ai bambini di Dhikure",20250705T143000Z,https://www.varesenews.it/photogallery_new/images/2025/07/nepal-nel-cuore-1905862.610x431.jpg,varesenews.it,Italian,Italy
https://www.tuttomercatoweb.com/serie-a/panchine-serie-a-2025-26-il-quadro-e-quasi-completo-manca-solo-l-annuncio-di-un-allenatore-2120189,https://m.tuttomercatoweb.com/amp/serie-a/panchine-serie-a-2025-26-il-quadro-e-quasi-completo-manca-solo-l-annuncio-di-un-allenatore-2120189,"Panchine Serie A 2025 / 26 , il quadro è quasi completo : manca solo lannuncio di un allenatore",20250702T143000Z,https://tmw-storage.tcccdn.com/storage/tuttomercatoweb.com/img_notizie/thumb3/3a/3a42fcb3f6b6c4b73c5fd6366f6d283f-54459-oooz0000.jpeg,tuttomercatoweb.com,Italian,Italy
https://www.money.it/svolta-dell-opec-e-il-prezzo-del-petrolio-scende,,Svolta dellOPEC e il prezzo del petrolio scende,20250707T091500Z,https://www.money.it/local/cache-gd2/36/c143b6646b497e1ca3ad1faba1b2d6.png,money.it,Italian,Italy
https://www.zazoom.it/2025-07-04/atalanta-e-tutto-vero-cessione-lampo-di-retegui-e-scelto-il-sostituto/17317856/,,Atalanta è tutto vero | cessione lampo di Retegui e scelto il sostituto,20250704T133000Z,https://www.tvplay.it/wp-content/uploads/2025/07/Retegui-atalanta-04072025-TvPlay.jpg,zazoom.it,Italian,Italy
https://www.zazoom.it/2025-07-06/futuro-di-kean-sabatini-napoli-la-clausola-e-piu-per-lestero-ma-larabia-saudita/17328129/,,Futuro di Kean Sabatini | Napoli ? La clausola è più per lestero ma lArabia Saudita … ,20250706T194500Z,https://www.calcionews24.com/wp-content/uploads/2025/03/Image_Photo855823.jpg,zazoom.it,Italian,Italy
https://www.tuttomercatoweb.com/serie-a/porra-fossi-kean-mi-incatenerei-a-firenze-piccoli-puo-crescere-piu-di-lucca-2120341,https://m.tuttomercatoweb.com/amp/serie-a/porra-fossi-kean-mi-incatenerei-a-firenze-piccoli-puo-crescere-piu-di-lucca-2120341,Porrà :  Fossi Kean mi incatenerei a Firenze . Piccoli ? Può crescere più di Lucca  ,20250702T224500Z,https://tmw-storage.tcccdn.com/storage/tuttomercatoweb.com/img_notizie/thumb3/18/18644690367b242b84e9d373fe3fd8e2-35136-oooz0000.jpeg,tuttomercatoweb.com,Italian,Italy
https://travelnostop.com/news/tour-operator/cresce-il-turismo-sullhimalaya_645445,,Cresce il turismo sullHimalaya - Travelnostop,20250709T090000Z,https://travelnostop.com/wp-content/uploads/sites/11/2025/07/navyo-nepal.jpg,travelnostop.com,Italian,Italy
https://ilmanifesto.it/lr5-e-lontana-per-il-dollaro-il-vero-guaio-e-trump,,"L « R5 » è lontana , per il dollaro il vero guaio è Trump",20250706T011500Z,https://static.ilmanifesto.it/2025/07/sotto-destra-federal-reserve-usa-ap.jpg,ilmanifesto.it,Italian,Italy
https://www.ansa.it/campania/notizie/2025/07/02/armato-pizza-village-vetrina-per-leccellenza-napoletana_d527ba13-905e-4b70-b5d9-ff94ae9506dd.html,https://www.ansa.it/amp/campania/notizie/2025/07/02/armato-pizza-village-vetrina-per-leccellenza-napoletana_d527ba13-905e-4b70-b5d9-ff94ae9506dd.html,"Armato , Pizza Village vetrina per leccellenza napoletana - Notizie",20250702T124500Z,https://www.ansa.it,ansa.it,Italian,Italy
https://www.famigliacristiana.it/articolo/buddismo-globale_040112171613.aspx,,Il Dalai Lama e la rivalità tra India e Cina - Famiglia Cristiana,20250705T203000Z,,famigliacristiana.it,Italian,Italy
https://www.vesuviolive.it/calcio-napoli/524734-kean-napoli-risposta/,https://www.vesuviolive.it/calcio-napoli/524734-kean-napoli-risposta/amp/,Kean pensa al Napoli ? Una risposta dellattaccante fa sognare,20250703T143000Z,https://www.vesuviolive.it/wp-content/uploads/sites/6/2025/07/moise-kean.jpg,vesuviolive.it,Italian,Italy
https://formiche.net/2025/07/il-summit-brics-tra-tensioni-interne-e-minacce-esterne-la-lettira-di-dian-unibo/,https://formiche.net/2025/07/il-summit-brics-tra-tensioni-interne-e-minacce-esterne-la-lettira-di-dian-unibo/?amp,Il summit Brics tra tensioni interne e minacce esterne . La lettura di Dian ( Unibo ) ,20250708T111500Z,https://formiche.net/wp-content/blogs.dir/10051/files/2025/07/Imagoeconomica_2499041-scaled.jpg,formiche.net,Italian,Italy
https://www.varesenews.it/2025/07/da-induno-olona-una-nuova-insegnante-in-partenza-per-il-nepal-sara-raccoglie-il-testimone-di-susanna/2288449/,,Da Induno Olona una nuova insegnante in partenza per il Nepal : Sara raccoglie il testimone di Susanna,20250707T081500Z,https://www.varesenews.it/photogallery_new/images/2025/07/da-induno-olona-al-nepal-1906306.610x431.jpg,varesenews.it,Italian,Italy
https://www.ansa.it/english/news/general_news/2025/07/02/deadly-heatwave-continues-unabated_02c2ddf6-0057-468d-bbec-72f1affa0c24.html,https://www.ansa.it/amp/english/news/general_news/2025/07/02/deadly-heatwave-continues-unabated_02c2ddf6-0057-468d-bbec-72f1affa0c24.html,Deadly heatwave continues unabated - General News,20250702T091500Z,https://www.ansa.it/webimages/img_1129x635/2025/7/2/fa6afc482c4552df4ecd7c6ae936edaa.jpg,ansa.it,English,Italy
https://www.zazoom.it/2025-07-05/il-fondo-saudita-puo-essere-strategico-per-leconomia-ue/17322876/,,Il fondo saudita può essere strategico per leconomia Ue,20250705T134500Z,https://img2.liberoquotidiano.it/images/2025/07/05/111113283-ce19c56e-55b9-4148-ac2d-c431b980ed67.jpg,zazoom.it,Italian,Italy
https://www.adnkronos.com/lavoro/federlegnoarredo-export-primo-trimestre-stabile-a-4-7-mld-di-euro_43kb2SbowdU3wse9PgdmL0,,"Federlegnoarredo , export primo trimestre stabile a 4 , 7 mld di euro",20250708T143000Z,https://www.adnkronos.com/resources/029b-1e2fdeecee87-f35a39daabe4-1000/immagine.png,adnkronos.com,Italian,Italy
https://www.ilgiornale.it/news/calcio/milan-e-roma-scambio-clamoroso-situazione-2504838.html,,"Milan e Roma , scambio clamoroso : la situazione",20250704T064500Z,https://img.ilgcdn.com/sites/default/files/styles/social/public/foto/2025/07/03/1751556976-allegri.jpg?_=1751556976,ilgiornale.it,Italian,Italy
https://www.tuttomercatoweb.com/i-fatti-del-giorno/ufficializzato-il-penultimo-allenatore-della-serie-a-2025-2026-manca-solo-pioli-2120369,https://m.tuttomercatoweb.com/amp/i-fatti-del-giorno/ufficializzato-il-penultimo-allenatore-della-serie-a-2025-2026-manca-solo-pioli-2120369,Ufficializzato il penultimo allenatore della Serie A 2025 / 2026 . Manca solo Pioli,20250702T233000Z,https://tmw-storage.tcccdn.com/storage/tuttomercatoweb.com/img_notizie/thumb3/8d/8d5d26ee1bd187815dd220a97af63c6c-94446-792o240o1992o1440z1170.jpeg,tuttomercatoweb.com,Italian,Italy
https://www.ilsussidiario.net/news/calciomercato-lazio-news-ansia-romagnoli-arabia-e-qatar-piombano-sul-capitano/2853598/,https://www.ilsussidiario.net/news/calciomercato-lazio-news-ansia-romagnoli-arabia-e-qatar-piombano-sul-capitano/2853598/amp/,"Calciomercato Lazio News / Ansia Romagnoli , Arabia e Qatar piombano sul capitano ! ",20250703T071500Z,https://www.ilsussidiario.net/wp-content/uploads/2025/07/02/alessio_romagnoli_ansa_2025.jpg.webp,ilsussidiario.net,Italian,Italy
https://www.brindisireport.it/eventi/gran-gala-internazionale-danza-appuntamento-piazza-finalisti-mesagne.html,,Gran Galà internazionale di danza : appuntamento in piazza con i finalisti,20250707T071500Z,https://www.brindisireport.it/~media/horizontal-hi/21990036727466/piazza-orsini-del-balzo-mesagne-2.jpg,brindisireport.it,Italian,Italy
https://www.milanofinanza.it/news/trump-alza-i-toni-sul-commercio-14-paesi-nel-mirino-dazi-fino-al-40-se-non-si-trovano-accordi-entro-202507081109589870,,Quali sono i Paesi colpiti dai nuovi dazi di Trump fino al 40 % e quanto gli united states stanno guadagnando dalla guerra commerciale,20250708T101500Z,https://static.milanofinanza.it/content_upload/img/2025/07/202507081109589870/Imagoeconomica_2498164-965939.jpg,milanofinanza.it,Italian,Italy
https://www.ilgiornale.it/news/scienze/eclissi-totale-sei-minuti-buio-mezzogiorno-evento-unico-fino-2505274.html,,  Uneclissi unica . Tutti i luoghi in cui il cielo si oscurerà a mezzogiorno,20250704T144500Z,https://img.ilgcdn.com/sites/default/files/styles/social/public/foto/2025/07/04/1751636653-solar-eclipse-1482921-1280.jpg?_=1751636653,ilgiornale.it,Italian,Italy
https://www.greenme.it/energia/fotovoltaico-record-mondiale-per-cella-solare-tandem-perovskite-organica-efficienza-al-264-grazie-a-nuova-molecola/,,"Fotovoltaico , record mondiale per cella solare tandem perovskite - organica : efficienza al 26 , 4 % grazie a nuova molecola",20250702T151500Z,https://www.greenme.it/wp-content/uploads/2025/07/National-University-of-Singapore.jpg,greenme.it,Italian,Italy
https://www.notiziegeopolitiche.net/arabia-saudita-acquistato-dagli-usa-il-sistema-missilistico-thaad/,,Arabia Saudita . Acquistato dagli united states il sistema missilistico THAAD,20250706T200000Z,https://www.notiziegeopolitiche.net/wp-content/uploads/2025/07/IMG_2019.jpeg,notiziegeopolitiche.net,Italian,Italy
https://www.ilsussidiario.net/news/calciomercato-napoli-news-osimhen-spunta-una-clamorosa-ipotesi-potrebbe-restare-5-luglio-2025/2854731/,https://www.ilsussidiario.net/news/calciomercato-napoli-news-osimhen-spunta-una-clamorosa-ipotesi-potrebbe-restare-5-luglio-2025/2854731/amp/,"Calciomercato Napoli News / Osimhen , spunta una clamorosa ipotesi : potrebbe restare ! ( 5 luglio 2025 ) ",20250705T101500Z,https://www.ilsussidiario.net/wp-content/uploads/2025/07/05/victor_osimhen_ansa_2025.jpg.webp,ilsussidiario.net,Italian,Italy
https://www.ilgiornale.it/news/economia/petrolio-lopec-decide-lavanti-tutta-e-alza-produzione-548000-2505843.html,,"Petrolio , lOpec decide l  avanti tutta . E alza la produzione di 548 . 000 barili",20250706T064500Z,https://img.ilgcdn.com/sites/default/files/styles/social/public/foto/2022/11/02/1667375508-petrolio.jpeg?_=1667375508,ilgiornale.it,Italian,Italy
https://www.ilsole24ore.com/art/orsini-con-dazi-e-svalutazione-dollaro-impatto-l-industria-20-miliardi-AH8WGjVB,,Orsini : « Con dazi e svalutazione del dollaro impatto per lindustria da 20 miliardi » ,20250702T163000Z,,ilsole24ore.com,Italian,Italy
https://www.tuttomercatoweb.com/serie-a/top-news-ore-24-occhio-atalanta-al-qadsiah-su-retegui-asensio-proposto-al-milan-2120372,https://m.tuttomercatoweb.com/amp/serie-a/top-news-ore-24-occhio-atalanta-al-qadsiah-su-retegui-asensio-proposto-al-milan-2120372,"TOP NEWS ore 24 - Occhio Atalanta , Al Qadsiah su Retegui . Asensio proposto al Milan",20250702T233000Z,https://tmw-storage.tcccdn.com/storage/tuttomercatoweb.com/img_notizie/thumb3/e8/e839b79573bc5b3f504ea7c1b771d59e-11093-oooz0000.jpeg,tuttomercatoweb.com,Italian,Italy
https://www.panorama.it/attualita/esteri/netanyahu-trump-nobel-pace,,Netanyahu candida Trump per il Nobel per la Pace,20250708T083000Z,https://www.panorama.it/wp-content/uploads/2025/07/IMG_3940.jpeg,panorama.it,Italian,Italy
https://www.suedtirolnews.it/politik/brics-gipfel-in-rio-ohne-xi-und-putin,,BRICS - Gipfel in Rio ohne Xi und Putin,20250706T001500Z,https://media.stncdn.it/960x720/2025/07/beim-brics-gipfel-in-rio-nicht-dabei-xi-und-putin.jpg,suedtirolnews.it,German,Italy
https://www.ilfoglio.it/esteri/2025/07/09/news/il-giappone-e-la-corea-del-sud-non-sanno-piu-come-fare-con-trump-e-i-suoi-dazi-7903912/,https://www.ilfoglio.it/esteri/2025/07/09/news/il-giappone-e-la-corea-del-sud-non-sanno-piu-come-fare-con-trump-e-i-suoi-dazi-7903912/amp/,Il Giappone e la Corea del sud non sanno più come fare con Trump e i suoi dazi,20250709T063000Z,https://img-prod.ilfoglio.it/2025/07/08/180147614-a71f5a40-d1fd-4ecd-9132-7c3060edd213.jpg,ilfoglio.it,Italian,Italy
https://www.zazoom.it/2025-07-02/calciomercato-verona-si-lavora-al-rinnovo-di-montipo-offerta-sul-tavolo-cosa-filtra/17306218/,,Calciomercato Verona si lavora al rinnovo di Montipò | offerta sul tavolo cosa filtra,20250702T120000Z,https://www.calcionews24.com/wp-content/uploads/2025/03/Image_Photo849919.jpg,zazoom.it,Italian,Italy
https://www.zazoom.it/2025-07-02/lega-serie-a-il-presidente-simonelli-ha-comunicato-le-date-leventuale-finale-il-22-con-la-vincente-tra-napoli-e-milan-supercoppa-con-linter-il-17-o-il-18-dicembre/17304426/,,Lega Serie A il presidente Simonelli ha comunicato le date | leventuale finale il 22 con la vincente tra Napoli e Milan Supercoppa con lInter il 17 o il 18 dicembre,20250702T064500Z,https://sport.quotidiano.net/image-service/view/acePublic/alias/contentid/ZjlmZjk1NzEtOWM1Ny00/0/supercoppa-con-linter-il-17-o-il-18-dicembre.jpeg,zazoom.it,Italian,Italy
https://www.tuttomercatoweb.com/calcio-estero/marcin-bulka-lascia-il-nizza-e-vola-in-arabia-saudita-giochera-nel-neom-di-galtier-2121778,https://m.tuttomercatoweb.com/amp/calcio-estero/marcin-bulka-lascia-il-nizza-e-vola-in-arabia-saudita-giochera-nel-neom-di-galtier-2121778,Marcin Bułka lascia il Nizza e vola in Arabia Saudita . Giocherà nel Neom di Galtier,20250707T083000Z,https://tmw-storage.tcccdn.com/storage/tuttomercatoweb.com/img_notizie/thumb3/50/500666fc649b1da2c757bb87213b84ba-84546-oooz0000.jpeg,tuttomercatoweb.com,Italian,Italy
https://www.ilmessaggero.it/mondo/israele_scontro_sulla_tregua_herzog_bibi_devi_firmare-8941373.html,https://www.ilmessaggero.it/AMP/mondo/israele_scontro_sulla_tregua_herzog_bibi_devi_firmare-8941373.html,"Israele , scontro sulla tregua . Herzog a Bibi : « Devi firmare » ",20250706T233000Z,https://statics.cedscdn.it/photos/MED_HIGH/2025/07/06/8941373_OBJ60876129_17680.jpg,ilmessaggero.it,Italian,Italy
https://www.huffingtonpost.it/esteri/2025/07/04/news/accordo_cessate_il_fuoco_a_gaza_la_risposta_di_hamas-19581603/,,Trump crede nel sì di Hamas . Vicino laccordo sul cessate il fuoco a Gaza,20250704T173000Z,https://www.gedistatic.it/content/gedi/img/huffingtonpost/2025/07/04/162006255-e2446b80-94f9-4462-ae3d-ff96e889dbac.jpg,huffingtonpost.it,Italian,Italy
https://www.quotidiano.net/esteri/la-tregua-a-gaza-resta-12996653,,La tregua a Gaza resta un miraggio . Hamas : pretese impossibili di Israele,20250704T071500Z,https://www.quotidiano.net/image-service/view/acePublic/alias/contentid/YjI1ZDJkZDMtMzQ0Ny00/0/la-tregua-a-gaza-resta-un-miraggio-hamas-pretese-impossibili-di-israele.jpeg,quotidiano.net,Italian,Italy
https://www.punto-informatico.it/trump-annuncia-dazi-14-paesi-europa-attesa/,,"Trump annuncia dazi per 14 paesi , Europa in attesa",20250708T154500Z,https://www.punto-informatico.it/app/uploads/2025/07/Donald-Trump.jpg,punto-informatico.it,Italian,Italy
https://www.zazoom.it/2025-07-04/retegui-nel-mirino-dellal-qadsiah-latalanta-riflette-piace-anche-raspadori/17316270/,,Retegui nel mirino dellAl - Qadsiah | lAtalanta riflette piace anche Raspadori,20250704T090000Z,https://www.forzazzurri.net/wp-content/uploads/2024/09/RASPADORI-FA.jpg,zazoom.it,Italian,Italy
https://www.calciomercato.it/2025/07/05/calciomercato-kean-firma-dopo-il-15-luglio-lannuncio/,,"Calciomercato , Kean firma dopo il 15 luglio : lannuncio",20250705T143000Z,https://www.calciomercato.it/wp-content/uploads/2025/07/kean-05072025-calciomercato.it_.jpg,calciomercato.it,Italian,Italy
https://quifinanza.it/economia/dazi-trump-lettere-strategia-ue/918824/,https://quifinanza.it/economia/dazi-trump-lettere-strategia-ue/918824/amp/,"Trump invia le lettere , dazi fino al 40 %: la strategia dellUe",20250708T111500Z,https://quifinanza.it/wp-content/uploads/sites/5/2025/07/trump_93f0b5.jpg,quifinanza.it,Italian,Italy
https://www.zazoom.it/2025-07-07/demme-non-solo-avellino-ce-anche-la-serie-a-e-lui-rifiuta-larabia-esclusivo/17333771/,,Demme non solo Avellino | c  è anche la Serie A E lui rifiuta lArabia,20250707T230000Z,https://www.calciomercato.it/wp-content/uploads/2025/07/diego-demme-cremonese-avellino-calciomercato.it-20250707.jpg,zazoom.it,Italian,Italy
https://www.adnkronos.com/internazionale/esteri/dazi-donald-trump-vertice-brics-brasile-assenti-xi-putin_4R8Oc2CWj3Dm6WUjV0ltGR,,"Brics , il summit in Brasile  snobbato  da Xi e Putin",20250705T233000Z,https://www.adnkronos.com/resources/029b-1e2a967ec475-4cf0e3d6ec9a-1000/dazi_container_afp.jpeg,adnkronos.com,Italian,Italy
https://www.repubblica.it/cronaca/2025/07/08/news/linda_martino_danzatrice_ventre_arrestata_egitto_news-424717305/,https://www.repubblica.it/cronaca/2025/07/08/news/linda_martino_danzatrice_ventre_arrestata_egitto_news-424717305/amp/,  Non ho incitato alla dissolutezza : la difesa della danzatrice arrestata,20250708T001500Z,https://www.repstatic.it/content/nazionale/img/2025/07/07/235510201-4c7d3507-4afa-476a-a3f4-f73ca3d41c0e.jpg,repubblica.it,Italian,Italy
https://www.zazoom.it/2025-07-08/calciomercato-atalanta-via-retegui-gia-scelto-il-sostituto-affare-da-30-milioni/17336969/,,Calciomercato Atalanta via Retegui | già scelto il sostituto affare da 30 milioni,20250708T133000Z,https://www.tvplay.it/wp-content/uploads/2025/07/Retegui-tvplay.it-08072025.jpg,zazoom.it,Italian,Italy
https://www.corriere.it/esteri/25_luglio_06/critiche-da-lady-lula-l-irritazione-di-xi-jinping-che-diserta-il-vertice-brics-2336e024-5d63-4eac-a8ff-af36a35c0xlk.shtml,https://www.corriere.it/esteri/25_luglio_06/critiche-da-lady-lula-l-irritazione-di-xi-jinping-che-diserta-il-vertice-brics-2336e024-5d63-4eac-a8ff-af36a35c0xlk_amp.shtml,"Le ( inaudite ) critiche della moglie di Lula , lira silenziosa di Xi Jinping : perché la Cina diserta il vertice dei Brics",20250706T124500Z,https://dimages2.corriereobjects.it/files/image_1200_900/files/fp/uploads/2025/07/06/686a3d390b99b.r_d.185-159-25495.jpeg,corriere.it,Italian,Italy
https://www.huffingtonpost.it/esteri/2025/07/04/news/i_brics_crescono_ma_perdono_la_prospettiva_a_rio_pesano_le_grandi_assenze_e_lombra_di_trump-19580586/,,"I Brics crescono , ma perdono la prospettiva . A Rio pesano le grandi assenze e lombra di Trump",20250704T173000Z,https://www.gedistatic.it/content/gedi/img/huffingtonpost/2025/07/04/134756277-a58929c6-4e90-427b-b487-f993cbf5e075.jpg,huffingtonpost.it,Italian,Italy
https://www.today.it/mondo/guerra-dazi-giappone-bangladesh-trump-lettere-paesi-asia-abbigliamento-tecnologia.html,https://amp.today.it/mondo/guerra-dazi-giappone-bangladesh-trump-lettere-paesi-asia-abbigliamento-tecnologia.html,Guerra dei dazi : dal Giappone al Bangladesh : perché Trump ha inviato le prime lettere ai paesi dellAsia,20250708T150000Z,https://www.today.it/~media/horizontal-hi/35960827671582/export-commercio-pexels.jpg,today.it,Italian,Italy
https://www.ilmessaggero.it:443/animali/gattini_pescatori_nati_francia-8937725.html,https://www.ilmessaggero.it/AMP/animali/gattini_pescatori_nati_francia-8937725.html,"Gattini pescatori nati in Francia , evento eccezionale per una specie a rischio",20250704T173000Z,https://statics.cedscdn.it/photos/MED_HIGH/2025/07/04/8937725_poster.jpg,ilmessaggero.it,Italian,Italy
https://www.ilmessaggero.it/animali/gattini_pescatori_nati_francia-8937725.html,https://www.ilmessaggero.it/AMP/animali/gattini_pescatori_nati_francia-8937725.html,"Gattini pescatori nati in Francia , evento eccezionale per una specie a rischio",20250704T174500Z,https://statics.cedscdn.it/photos/MED_HIGH/2025/07/04/8937725_poster.jpg,ilmessaggero.it,Italian,Italy
https://www.lapresse.it/esteri/2025/07/07/nepal-i-supporter-celebrano-il-re-deposto-nel-giorno-del-suo-compleanno/,,"Nepal , i supporter celebrano il re deposto nel giorno del suo compleanno",20250707T153000Z,https://img.lapresse.it/2025/07/07/e58ad2b72bc378b637c6bb6d0ee0083c.jpg,lapresse.it,Italian,Italy
https://www.ansa.it/sito/notizie/topnews/2025/07/07/trump-dazi-al-40-per-myanmar-e-laos-30-per-sudafrica_4a128e57-fd75-429d-8d2b-96e650a9860e.html,,"Trump ,  dazi al 40 % per Myanmar e Laos , 30 % per Sudafrica  - Ultima ora",20250707T191500Z,https://www.ansa.it/webimages/img_1129x635/2025/7/4/0ede60015177d2ba11287848a8abfac0.jpg,ansa.it,Italian,Italy
https://www.wired.it/article/gaza-campo-internamento-israele-progetto-riviera-bcg/,,"Gaza , c  è un piano di Israele per internare tutti i palestinesi . E uno per trasformare la Striscia nella riviera del Medio Oriente",20250708T121500Z,"https://media-assets.wired.it/photos/686cf1a95783adcbfa7f37bb/16:9/w_1280,c_limit/2154352703",wired.it,Italian,Italy
https://www.quotidiano.net/economia/dazi-trump-paesi-lettere-ouku7jnl,,"Dazi , la scure di Trump colpisce lOriente . Tariffe in aumento dal Giappone al Laos",20250707T233000Z,https://www.quotidiano.net/image-service/view/acePublic/alias/contentid/NzFhODhiOTItOWZhMy00/1/usa-white-house-trump.jpeg,quotidiano.net,Italian,Italy
https://www.dagospia.com/politica/bluff-razzo-quando-donald-trump-per-giustificare-stop-agli-aiuti-439965,https://m.dagospia.com/politica/bluff-razzo-quando-donald-trump-per-giustificare-stop-agli-aiuti-439965,"Un bluff del razzo – quando donald trump , per giustificare lo stop agli aiuti militari allucraina .. ",20250704T094500Z,https://static.dagospia.com/img/patch/07-2025/donald-trump-volodymyr-zelensky-patriot-2150516_600_q50.webp,dagospia.com,Italian,Italy
https://www.ilsussidiario.net/news/brics-vs-g7-i-punti-deboli-di-un-gigante-economico-dai-piedi-politici-solo-di-argilla/2855702/,https://www.ilsussidiario.net/news/brics-vs-g7-i-punti-deboli-di-un-gigante-economico-dai-piedi-politici-solo-di-argilla/2855702/amp/,BRICS vs G7 / i punti deboli di un gigante economico dai piedi ( politici ) solo di argilla,20250708T071500Z,https://www.ilsussidiario.net/wp-content/uploads/2025/07/07/brics_brasile_lula_dito_ANSA_2025.jpg.webp,ilsussidiario.net,Italian,Italy
https://www.tuttomercatoweb.com/serie-a/calciomercato-estivo-le-date-di-chiusura-all-estero-in-arabia-saudita-gong-l-11-settembre-2121770,https://m.tuttomercatoweb.com/amp/serie-a/calciomercato-estivo-le-date-di-chiusura-all-estero-in-arabia-saudita-gong-l-11-settembre-2121770,"Calciomercato estivo , le date di chiusura allestero : in Arabia Saudita gong l  11 settembre",20250707T083000Z,https://tmw-storage.tcccdn.com/storage/tuttomercatoweb.com/img_notizie/thumb3/78/78632b3b6c53e599642237ab2b7b0481-73172-oooz0000.jpeg,tuttomercatoweb.com,Italian,Italy
https://www.ilgiornale.it/news/politica/viaggio-pace-netanyahu-negli-usa-progetto-ambizioso-gaza-2504365.html,,Il viaggio della pace di Netanyahu negli united states . Un progetto ambizioso da Gaza allIndonesia,20250703T044500Z,https://img.ilgcdn.com/sites/default/files/styles/social/public/foto/2025/04/08/1744088341-azyshxvhrxhctif0tzne-ansa.jpeg?_=1744088341,ilgiornale.it,Italian,Italy
https://www.zazoom.it/2025-07-04/la-cessione-di-retegui-porta-latalanta-a-sostituirlo-con-un-calciatore-del-napoli/17317113/,,La cessione di Retegui porta lAtalanta a sostituirlo con un calciatore del Napoli,20250704T110000Z,https://www.zazoom.it/news.jpg,zazoom.it,Italian,Italy
https://www.ilsussidiario.net/news/calciomercato-juventus-news-dusan-vlahovic-se-il-futuro-fosse-in-una-big-della-serie-a/2854829/,https://www.ilsussidiario.net/news/calciomercato-juventus-news-dusan-vlahovic-se-il-futuro-fosse-in-una-big-della-serie-a/2854829/amp/,"Calciomercato Juventus news / Dusan Vlahovic , se il futuro fosse in una big della Serie A ? ",20250705T153000Z,https://www.ilsussidiario.net/wp-content/uploads/2025/07/05/sussidiario_20250705152438892_fe982be730c2721b9bc42d4774a5ab2a-1.jpg.webp,ilsussidiario.net,Italian,Italy
https://www.gazzetta.it/Calcio/Calciomercato/Juventus/02-07-2025/juve-da-osimhen-a-kolo-muani-le-piste-per-l-attacco.shtml,https://www.gazzetta.it/Calcio/Calciomercato/Juventus/02-07-2025/juve-da-osimhen-a-kolo-muani-le-piste-per-l-attacco_amp.shtml,"Juve , da Osimhen a Kolo Muani le piste per lattacco",20250702T130000Z,https://dimages2.gazzettaobjects.it/files/og_thumbnail/files/fp/uploads/2025/06/22/6857e4e27e246.r_d.281-159-0.jpeg,gazzetta.it,Italian,Italy
https://www.ilsussidiario.net/news/__trashed-85/2853867/,https://www.ilsussidiario.net/news/__trashed-85/2853867/amp/,"DIRETTA / Fluminense Al Hilal ( risultato 0 - 0 ) video streaming tv : si gioca ! ( Mondiale per Club 2025 , 4 luglio ) ",20250704T200000Z,https://www.ilsussidiario.net/wp-content/uploads/2025/07/03/sussidiario_20250703115946109_79804df471d28f0c1ada67dfd0003d2b-1.jpg.webp,ilsussidiario.net,Italian,Italy
https://www.ilmessaggero.it/mondo/israele_hamas_stefanini_tregua_gaza_possibile_ultima_occasione-8941378.html,https://www.ilmessaggero.it/AMP/mondo/israele_hamas_stefanini_tregua_gaza_possibile_ultima_occasione-8941378.html,"Israele - Hamas , Stefanini : « Lintesa ora è possibile . Questa è lultima occasione per interrompere la strage » ",20250707T070000Z,https://statics.cedscdn.it/photos/MED_HIGH/2025/07/06/8941378_image.jpg,ilmessaggero.it,Italian,Italy
https://www.ilsussidiario.net/news/dazi-il-rinvio-di-trump-stime-impossibili-sullimpatto-le-imprese-oggi-pagano-lincertezza/2855557/,https://www.ilsussidiario.net/news/dazi-il-rinvio-di-trump-stime-impossibili-sullimpatto-le-imprese-oggi-pagano-lincertezza/2855557/amp/,"DAZI , IL RINVIO DI TRUMP /  Stime impossibili sullimpatto , le imprese oggi pagano lincertezza  ",20250708T041500Z,https://www.ilsussidiario.net/wp-content/uploads/2025/07/07/Trump_Bessent_Ansa1200.jpg.webp,ilsussidiario.net,Italian,Italy
https://www.zazoom.it/2025-07-06/jhon-duran-si-unisce-a-fenerbahce-in-prestito-dopo-sei-mesi-ad-al-nassr/17328443/,,Jhon Duran si unisce a Fenerbahce in prestito dopo sei mesi ad al - Nassr,20250706T221500Z,https://www.zazoom.it/news.jpg,zazoom.it,Italian,Italy
https://www.zazoom.it/2025-07-03/larabia-non-molla-la-serie-a-nuovo-assalto-al-super-bomber-del-campionato-superato-anche-kean/17313528/,,LArabia non molla la Serie A nuovo assalto al super bomber del campionato,20250703T173000Z,https://www.serieanews.com/wp-content/uploads/2025/07/Arabia-calciomercato-Serie-A-20250703-SerieANews.com_.jpg,zazoom.it,Italian,Italy
https://www.tuttonapoli.net/in-primo-piano/osimhen-galatasaray-ore-decisive-i-turchi-hanno-accettato-di-pagare-la-clausola-615629,https://m.tuttonapoli.net/amp/in-primo-piano/osimhen-galatasaray-ore-decisive-i-turchi-hanno-accettato-di-pagare-la-clausola-615629,"Osimhen - Galatasaray , ore decisive : i turchi hanno accettato di pagare la clausola",20250708T210000Z,https://net-storage.tcccdn.com/storage/tuttonapoli.net/img_notizie/thumb3/91/910e1a5e51ace00e25fd9d12d88e9c88-60587-oooz0000.jpeg,tuttonapoli.net,Italian,Italy
https://www.milannews.it/news/calciomercato-estivo-le-date-di-chiusura-in-italia-gong-il-1-settembre-582907,https://m.milannews.it/amp/news/calciomercato-estivo-le-date-di-chiusura-in-italia-gong-il-1-settembre-582907,"Calciomercato estivo , le date di chiusura : in Italia gong il 1 settembre",20250708T191500Z,https://net-storage.tcccdn.com/storage/milannews.it/img_notizie/thumb3/96/96a25f8ca670d270b4383d00e73fe4dc-42493-oooz0000.jpeg,milannews.it,Italian,Italy
https://www.ilfoglio.it/esteri/2025/07/07/news/guerre-e-pace-europa-e-futuro-la-lezione-di-blair-7898993/,https://www.ilfoglio.it/esteri/2025/07/07/news/guerre-e-pace-europa-e-futuro-la-lezione-di-blair-7898993/amp/,"Guerre e pace , Europa e futuro . La lezione di Blair",20250707T080000Z,https://img-prod.ilfoglio.it/2025/07/07/071525969-1f534e95-0f8a-45f6-8726-1ee72d07fa16.jpg,ilfoglio.it,Italian,Italy
https://napoli.repubblica.it/cronaca/2025/07/03/news/napoli_l_assessore_armano_pizza_village_vetrina_per_l_eccellenza_napoletana-424707223/,https://napoli.repubblica.it/cronaca/2025/07/03/news/napoli_l_assessore_armano_pizza_village_vetrina_per_l_eccellenza_napoletana-424707223/amp/,"Napoli , lassessore Armano :  Pizza Village vetrina per leccellenza napoletana  ",20250702T234500Z,https://www.repstatic.it/content/localirep/img/rep-napoli/2025/07/03/004808088-a531b827-5b38-43b3-866d-be1fc9327361.jpg,napoli.repubblica.it,Italian,Italy
https://www.zazoom.it/2025-07-04/macron-telefonata-con-trump-su-iran-ucraina-e-accordo-dazi/17314681/,,Macron telefonata con Trump su Iran Ucraina e accordo dazi,20250704T003000Z,https://www.quotidiano.net/image-service/view/acePublic/alias/contentid/NjVhZjRlOTMtYzU4MS00/0/macron-telefonata-con-trump-su-iran-ucraina-e-accordo-dazi.jpeg,zazoom.it,Italian,Italy
https://www.ansa.it/sito/notizie/mondo/americalatina/2025/07/05/lula-guida-i-brics-verso-unalternativa-al-dollaro_f5884c60-a4bc-4e8c-a114-7cc83623ecd5.html,https://www.ansa.it/amp/sito/notizie/mondo/americalatina/2025/07/05/lula-guida-i-brics-verso-unalternativa-al-dollaro_f5884c60-a4bc-4e8c-a114-7cc83623ecd5.html,Lula guida i Brics verso unalternativa al dollaro - America Latina,20250705T211500Z,https://www.ansa.it/webimages/img_1129x635/2025/7/4/e87fb3ee4196d9eba1cfc86d8d59b999.jpg,ansa.it,Italian,Italy
https://www.repubblica.it/economia/2025/07/07/diretta/borse_oggi_dazi_trump_lettere_news-424715517/,,"Borse oggi , le news sui mercati e i dazi di Trump",20250707T080000Z,https://www.repstatic.it/content/nazionale/img/2025/07/07/091035565-50bc6750-a765-45db-a336-a61251a30029.jpg,repubblica.it,Italian,Italy
https://www.ilgazzettino.it:443/esteri/dazi_trump_lettere_europa_giappone_corea_25_per_cento_primo_agosto_cosa_cambia-8943085.html,https://www.ilgazzettino.it/AMP/esteri/dazi_trump_lettere_europa_giappone_corea_25_per_cento_primo_agosto_cosa_cambia-8943085.html,"Trump rinvia i dazi al 1° agosto , le lettere : a Giappone e Corea tariffe al 25 %, 40 % per Myanmar e Laos , 30 % per Sudafrica",20250707T231500Z,https://statics.cedscdn.it/photos/MED_HIGH/2025/07/07/8942862_07183251_onecms_1kb2lng632qfbjdhd96.jpg,ilgazzettino.it,Italian,Italy
https://fai.informazione.it/FBC1278A-5444-4C45-B40F-8B3D348F5609/Trump-rilancia-la-guerra-dei-dazi-Giappone-Corea-del-Sud-e-UE-cercano-di-negoziare-prima-dell-ultimatum-di-agosto,https://fai.informazione.it/FBC1278A-5444-4C45-B40F-8B3D348F5609/amp/Trump-rilancia-la-guerra-dei-dazi-Giappone-Corea-del-Sud-e-UE-cercano-di-negoziare-prima-dell-ultimatum-di-agosto,"Trump rilancia la guerra dei dazi : Giappone , Corea del Sud e UE cercano di negoziare prima dellultimatum di agosto",20250708T134500Z,https://p7.informazione.it/fimg/2025/07/620c396f-319a-4273-8c2a-636d319f6522.jpg,fai.informazione.it,Italian,Italy
https://www.ilsussidiario.net/news/israele-ministri-chiedono-annessione-cisgiordania-e-ora-di-dichiarare-la-sovranita-su-giudea-e-samaria/2854158/,https://www.ilsussidiario.net/news/israele-ministri-chiedono-annessione-cisgiordania-e-ora-di-dichiarare-la-sovranita-su-giudea-e-samaria/2854158/amp/,"Israele , ministri chiedono annessione Cisgiordania /  È ora di dichiarare la sovranità su Giudea e Samaria  ",20250703T221500Z,https://www.ilsussidiario.net/wp-content/uploads/2025/06/17/israele_netanyahu_1_ansa1280.jpg.webp,ilsussidiario.net,Italian,Italy
https://www.corrierepl.it/2025/06/22/lombra-della-guerra-gli-stati-uniti-colpiscono-i-siti-nucleari-iraniani/,,Lombra della guerra : gli Stati Uniti colpiscono i siti nucleari iraniani,20250702T043000Z,https://www.corrierepl.it/newspl/wp-content/uploads/2025/06/b52.-foto-wikipedia.jpeg,corrierepl.it,Italian,Italy
https://www.zazoom.it/2025-07-07/juventus-senti-marsch-david-secondo-solo-a-haaland/17330098/,,Juventus senti Marsch | David secondo solo a Haaland,20250707T091500Z,https://www.ilprimatonazionale.it/wp-content/uploads/2025/06/jonathan-david-lille-calciomercato-juventus-1024x614-1.jpg,zazoom.it,Italian,Italy
https://www.meridiananotizie.it/2025/07/primo-piano/trump-contro-i-brics-chi-sono-e-perche-sono-nel-mirino/,,"Trump contro i Brics , chi sono e perché sono nel mirino",20250707T161500Z,,meridiananotizie.it,Italian,Italy
https://www.ilsussidiario.net/news/siria-libano-gaza-non-ci-sara-mai-la-pace-se-israele-vuole-imporre-accordi-senza-negoziare/2853037/,https://www.ilsussidiario.net/news/siria-libano-gaza-non-ci-sara-mai-la-pace-se-israele-vuole-imporre-accordi-senza-negoziare/2853037/amp/,"SIRIA , LIBANO , GAZA /  Non ci sarà mai la pace se Israele vuole imporre accordi senza negoziare  ",20250702T051500Z,https://www.ilsussidiario.net/wp-content/uploads/2025/07/02/israele_netanyahu_3_ansa1200.jpg.webp,ilsussidiario.net,Italian,Italy
https://formiche.net/2025/07/tour-diplomatico-operativo-kurilla-centcom/,https://formiche.net/2025/07/tour-diplomatico-operativo-kurilla-centcom/?amp,Il capo del CentCom visita gli alleati . Tappe e dossier del tour di Kurilla,20250704T173000Z,https://formiche.net/wp-content/blogs.dir/10051/files/2025/07/Imagoeconomica_2497242-scaled.jpg,formiche.net,Italian,Italy
https://www.quotidianopiemontese.it/2025/07/09/casting-comparse-film-guadagnino-piemonte-2025/,,Si cercano comparse per il nuovo film di Luca Guadagnino in Piemonte : in particolare bambini che facciano arti marziali e pallanuoto,20250709T134500Z,https://www.quotidianopiemontese.it/wp-content/uploads/2018/05/14072553/lucaguadagnino-qp.jpg,quotidianopiemontese.it,Italian,Italy
https://www.tuttonapoli.net/in-primo-piano/osimhen-galatasaray-si-chiude-i-turchi-pagheranno-75mln-ma-vogliono-5-rate-615629,https://m.tuttonapoli.net/amp/in-primo-piano/osimhen-galatasaray-si-chiude-i-turchi-pagheranno-75mln-ma-vogliono-5-rate-615629,"Osimhen - Galatasaray , si chiude : i turchi pagheranno 75mln , ma vogliono 5 rate",20250708T234500Z,https://net-storage.tcccdn.com/storage/tuttonapoli.net/img_notizie/thumb3/91/910e1a5e51ace00e25fd9d12d88e9c88-60587-oooz0000.jpeg,tuttonapoli.net,Italian,Italy
https://www.huffingtonpost.it/blog/2025/07/07/news/netanyahu_da_trump_alla_casa_bianca_perche_sara_difficile_andare_oltre_lo_show-19594073/,,Netanyahu da Trump alla Casa Bianca : perché sarà difficile andare oltre lo show,20250707T071500Z,https://www.gedistatic.it/content/gedi/img/huffingtonpost/2025/07/07/053948306-a28e5e64-284c-421f-893d-b072c1dc32cd.jpg,huffingtonpost.it,Italian,Italy
https://www.today.it/mondo/bambini-avvelenamento-piombo-asilo-cina.html,https://amp.today.it/mondo/bambini-avvelenamento-piombo-asilo-cina.html,"Cina , i 233 bimbi finiti in ospedale per avvelenamento da piombo dopo aver mangiato allasilo",20250708T114500Z,https://www.today.it/~media/horizontal-hi/68539682818283/china-cctv-mensa-video.jpg,today.it,Italian,Italy
https://www.tuttonapoli.net/rassegna-stampa/al-hilal-su-osimhen-arabi-hanno-accordo-con-adl-per-pagare-clausola-in-tre-tranche-615527,https://m.tuttonapoli.net/amp/rassegna-stampa/al-hilal-su-osimhen-arabi-hanno-accordo-con-adl-per-pagare-clausola-in-tre-tranche-615527,"Al Hilal su Osimhen , arabi hanno accordo con ADL per pagare clausola in tre tranche",20250707T120000Z,https://net-storage.tcccdn.com/storage/tuttonapoli.net/img_notizie/thumb3/af/af217b3b9fb7358069c54a75f85a70fc-38656-oooz0000.jpeg,tuttonapoli.net,Italian,Italy
https://quotidianodibari.it/federlegnoarredo-export-primo-trimestre-stabile-a-47-mld-di-euro/,,"Federlegnoarredo , export primo trimestre stabile a 4 , 7 mld di euro",20250708T150000Z,,quotidianodibari.it,Italian,Italy
https://www.ecoseven.net/lavoro/federlegnoarredo-export-primo-trimestre-stabile-a-47-mld-di-euro/,,"Federlegnoarredo , export primo trimestre stabile a 4 , 7 mld di euro",20250708T173000Z,,ecoseven.net,Italian,Italy
https://www.padovanews.it/2025/07/08/federlegnoarredo-export-primo-trimestre-stabile-a-47-mld-di-euro/,,"Federlegnoarredo , export primo trimestre stabile a 4 , 7 mld di euro – Padovanews",20250708T194500Z,,padovanews.it,Italian,Italy
https://www.ilmattino.it/primopiano/politica/il_nuovo_ordine_mondiale_e_il_peso_dell_italia-8943022.html,https://www.ilmattino.it/AMP/primopiano/il_nuovo_ordine_mondiale_e_il_peso_dell_italia-8943022.html,Il nuovo ordine mondiale e il peso dellItalia,20250708T001500Z,https://statics.cedscdn.it/photos/MED_HIGH/2025/07/07/8943022_07204749_onecms_1iw83holpc6x4r9iwzr.jpg,ilmattino.it,Italian,Italy
https://www.ilmessaggero.it/mondo/cina_avvelenamento_piombo_asilo-8944479.html,https://www.ilmessaggero.it/AMP/mondo/cina_avvelenamento_piombo_asilo-8944479.html,"Cina , 233 bambini avvelenati dal piombo : arrestata la direttrice di un asilo : « Tortine contaminate con coloranti non commestibili » ",20250708T113000Z,https://statics.cedscdn.it/photos/MED_HIGH/2025/07/08/8944479_08120717_collage_79_.jpg,ilmessaggero.it,Italian,Italy
https://www.ilmessaggero.it:443/mondo/cina_avvelenamento_piombo_asilo-8944479.html,https://www.ilmessaggero.it/AMP/mondo/cina_avvelenamento_piombo_asilo-8944479.html,"Cina , 233 bambini avvelenati dal piombo : arrestata la direttrice di un asilo : « Tortine contaminate con coloranti non commestibili » ",20250708T111500Z,https://statics.cedscdn.it/photos/MED_HIGH/2025/07/08/8944479_08120717_collage_79_.jpg,ilmessaggero.it,Italian,Italy
https://www.ilfoglio.it/esteri/2025/07/07/news/come-e-fatto-il-nuovo-medio-oriente-le-visioni-di-netanayhu-e-trump-7901119/,https://www.ilfoglio.it/esteri/2025/07/07/news/come-e-fatto-il-nuovo-medio-oriente-le-visioni-di-netanayhu-e-trump-7901119/amp/,Come è fatto  il nuovo medio oriente . Le visioni di Netanayhu e Trump,20250707T230000Z,https://img-prod.ilfoglio.it/2025/07/07/183554499-f0077569-ab08-4317-979c-ba06d9a9bbbb.jpg,ilfoglio.it,Italian,Italy
https://www.tuttomercatoweb.com/calcio-estero/luiz-felipe-lascia-il-marsiglia-e-torna-in-spagna-e-un-nuovo-giocatore-del-rayo-vallecano-2121855,https://m.tuttomercatoweb.com/amp/calcio-estero/luiz-felipe-lascia-il-marsiglia-e-torna-in-spagna-e-un-nuovo-giocatore-del-rayo-vallecano-2121855,Luiz Felipe lascia il Marsiglia e torna in Spagna : è un nuovo giocatore del Rayo Vallecano,20250707T101500Z,https://tmw-storage.tcccdn.com/storage/tuttomercatoweb.com/img_notizie/thumb3/ec/ec2221453e06ed6843941a9dbe767ad3-01888-oooz0000.jpeg,tuttomercatoweb.com,Italian,Italy
https://www.lettera43.it/summit-brics-brasile-lula-assenze-putin-xi-jinping-modi-india-sud-globale/,,Cosa aspettarsi dal summit dei Brics di Rio de Janeiro,20250705T091500Z,https://www.lettera43.it/wp-content/uploads/2025/07/BRIC.jpg,lettera43.it,Italian,Italy
https://formiche.net/2025/07/russia-interferenze-baltico/,https://formiche.net/2025/07/russia-interferenze-baltico/?amp,Ecco da dove arrivano le interferenze radio nel Mar Baltico,20250703T180000Z,https://formiche.net/wp-content/blogs.dir/10051/files/2020/10/Imagoeconomica_1371731.jpg,formiche.net,Italian,Italy
https://www.zazoom.it/2025-07-07/caso-osimhen-finalmente-ce-un-accordo-incontro-decisivo/17333352/,,Caso Osimhen finalmente c  è un accordo | incontro decisivo,20250707T200000Z,https://www.spazionapoli.it/wp-content/uploads/2025/07/osimhen_ansa_07_07_2025_SpazioNapoli.jpg,zazoom.it,Italian,Italy
https://www.lasicilia.it/mondo/trump-rinvia-i-dazi-all1-di-agosto-lettere-e-tariffe-gia-pronte-per-alcuni-paesi-primi-tonfi-a-wall-street-2552280/,https://www.lasicilia.it/mondo/trump-rinvia-i-dazi-all1-di-agosto-lettere-e-tariffe-gia-pronte-per-alcuni-paesi-primi-tonfi-a-wall-street-2552280/amp/,Trump rinvia i dazi all  1 di agosto : lettere e tariffe già pronte per alcuni Paesi . Primi tonfi a Wall Street,20250707T200000Z,https://www.lasicilia.it/wp-content/uploads/2025/07/trump4_59488a-e1751914343224.png?quality=75,lasicilia.it,Italian,Italy
https://www.ilmessaggero.it/economia/moltoeconomia/petrolio_ancora_re_guerre_dazi_iran-8931015.html,https://www.ilmessaggero.it/AMP/economia/petrolio_ancora_re_guerre_dazi_iran-8931015.html,Il petrolio è ancora Re : tra guerre e dazi il barile non conosce crisi,20250703T091500Z,https://statics.cedscdn.it/photos/MED_HIGH/2025/07/01/8931015_01142428_petrolio.jpg,ilmessaggero.it,Italian,Italy
https://www.ilmessaggero.it:443/economia/moltoeconomia/petrolio_ancora_re_guerre_dazi_iran-8931015.html,https://www.ilmessaggero.it/AMP/economia/petrolio_ancora_re_guerre_dazi_iran-8931015.html,Il petrolio è ancora Re : tra guerre e dazi il barile non conosce crisi,20250703T094500Z,https://statics.cedscdn.it/photos/MED_HIGH/2025/07/01/8931015_01142428_petrolio.jpg,ilmessaggero.it,Italian,Italy
https://www.macitynet.it/foxconn-richiama-ingegneri-india-iphone/,,"Il calcio volante della Cina alliPhone , ritirati dallIndia gli ingegneri Foxconn",20250702T151500Z,https://www.macitynet.it/wp-content/uploads/2025/07/apple-cina.jpg,macitynet.it,Italian,Italy
https://www.tuttonapoli.net/calciomercato-napoli/adl-pensa-a-kean-tmw-sondaggio-esplorativo-e-lui-rifiuta-l-arabia-615178,https://m.tuttonapoli.net/amp/calciomercato-napoli/adl-pensa-a-kean-tmw-sondaggio-esplorativo-e-lui-rifiuta-l-arabia-615178,"ADL pensa a Kean , Tmw : sondaggio esplorativo e lui rifiuta lArabia",20250703T091500Z,https://net-storage.tcccdn.com/storage/tuttonapoli.net/img_notizie/thumb3/26/2680374b0048993f5add3dcad8b1521b-35841-oooz0000.jpeg,tuttonapoli.net,Italian,Italy
https://www.notizie.it/fluminense-batte-al-hilal-la-strada-verso-la-semifinale-del-club-world-cup/,,Fluminense batte Al Hilal : la strada verso la semifinale del Club World Cup,20250705T011500Z,https://www.notizie.it/wp-content/uploads/2019/03/default_featured_image-3-1200x900.png,notizie.it,Italian,Italy
https://www.milanofinanza.it/news/asia-boom-dei-titoli-tecnologici-dopo-la-fine-delle-restrizioni-usa-sui-chip-verso-la-cina-202507030729311468,,"Asia , boom dei titoli tecnologici dopo la fine delle restrizioni united states sui chip verso la Cina",20250703T101500Z,https://static.milanofinanza.it/content_upload/img/2025/07/202507030729311468/Chip3-384172.jpg,milanofinanza.it,Italian,Italy
https://www.notizie.it/trump-lancia-i-dazi-le-sorprese-che-nessuno-si-aspettava/,,Trump lancia i dazi : le sorprese che nessuno si aspettava,20250707T203000Z,https://www.notizie.it/wp-content/uploads/2019/03/default_featured_image-3-1200x900.png,notizie.it,Italian,Italy
https://www.meteoweb.eu/2025/07/maltempo-cina-inondazioni-chengdu/1001811917/,https://www.meteoweb.eu/2025/07/maltempo-cina-inondazioni-chengdu/1001811917/?amp=1,"Maltempo Cina , gravi inondazioni a Chengdu : città sottacqua",20250703T210000Z,https://www.meteoweb.eu/wp-content/uploads/2025/07/maltempo-cina-4.jpg,meteoweb.eu,Italian,Italy
https://www.zazoom.it/2025-07-06/arbitri-nuova-stagione-tra-addii-e-promozioni-orsato-designatore-in-serie-c/17327595/,,Arbitri nuova stagione tra addii e promozioni | Orsato designatore in Serie C,20250706T170000Z,https://sololaroma.it/wp-content/uploads/2025/07/Daniele-Orsato.webp,zazoom.it,Italian,Italy
https://www.tuttomercatoweb.com/serie-a/i-calciomercato-i-no-stop-indiscrezioni-trattative-e-retroscena-del-4-luglio-2121137,https://m.tuttomercatoweb.com/amp/serie-a/i-calciomercato-i-no-stop-indiscrezioni-trattative-e-retroscena-del-4-luglio-2121137,"Calciomercato no stop - Indiscrezioni , trattative e retroscena del 4 Luglio",20250704T233000Z,https://tmw-storage.tcccdn.com/storage/tuttomercatoweb.com/img_notizie/thumb3/51/51a70a7c0258d94362757ca6dbb01d4b-82140-oooz0000.jpeg,tuttomercatoweb.com,Italian,Italy
https://www.zazoom.it/2025-07-04/il-caso-bennacer-fuori-progetto-svestito-della-4-e-con-il-marsiglia-in-stallo/17319201/,,Il caso Bennacer | fuori progetto svestito della 4 e con il Marsiglia in stallo,20250704T173000Z,https://images2-gazzanet.gazzettaobjects.it/WRV0aCBqoo_kym_1TEU_4dnsG5o=/1200x627/smart/www.pianetamilan.it/assets/uploads/202507/0ec317b187bac99c947c76ab020da2d8.jpeg,zazoom.it,Italian,Italy
https://www.ilsussidiario.net/news/il-dalai-lama-avra-un-successore-lannuncio-di-tenzin-gyatso-e-scontro-con-la-cina-sara-eletto-a-pechino/2853464/,https://www.ilsussidiario.net/news/il-dalai-lama-avra-un-successore-lannuncio-di-tenzin-gyatso-e-scontro-con-la-cina-sara-eletto-a-pechino/2853464/amp/,Il Dalai Lama avrà un successore : lannuncio di Tenzin Gyatso / È scontro con la Cina :  Sarà eletto a Pechino  ,20250702T141500Z,https://www.ilsussidiario.net/wp-content/uploads/2025/07/02/dalai_lama_Tenzin_Gyatso_ansa.jpg.webp,ilsussidiario.net,Italian,Italy
https://www.zazoom.it/2025-07-08/ucraina-trump-invieremo-piu-armi-a-kiev/17335135/,,Ucraina Trump | Invieremo più armi a Kiev,20250708T080000Z,https://img.lapresse.it/2025/07/08/armi-usa-ucraina-e1751959117416.jpg,zazoom.it,Italian,Italy
https://www.motorionline.com/xpeng-g7-ottiene-oltre-10-000-ordini-nei-primi-9-minuti-in-cina/,,Xpeng G7 ottiene oltre 10 . 000 ordini nei primi 9 minuti in Cina,20250704T154500Z,,motorionline.com,Italian,Italy
https://www.corriere.it/buone-notizie/25_luglio_02/in-fuga-dalle-guerre-122-milioni-di-persone-e-i-tagli-agli-aiuti-umanitari-e6016961-df74-4db8-9c0a-52f98a888xlk.shtml,https://www.corriere.it/buone-notizie/25_luglio_02/in-fuga-dalle-guerre-122-milioni-di-persone-e-i-tagli-agli-aiuti-umanitari-e6016961-df74-4db8-9c0a-52f98a888xlk_amp.shtml,In fuga dalle guerre 122 milioni di persone e i tagli agli aiuti umanitari,20250703T111500Z,https://dimages2.corriereobjects.it/files/og_thumbnail/uploads/2025/06/30/686241002d45c.jpeg,corriere.it,Italian,Italy
https://www.zazoom.it/2025-07-08/trump-accusa-putin-dice-un-sacco-di-stronzate-sta-uccidendo-molti-uomini-e-cambia-idea-sullo-stop-alle-armi-a-kiev/17338629/,,Trump accusa Putin | Dice un sacco di stronzate sta uccidendo molti uomini E cambia idea sullo stop alle armi a Kiev,20250708T184500Z,https://st.ilfattoquotidiano.it/wp-content/uploads/2025/07/08/23516028_small-1200x630.jpg,zazoom.it,Italian,Italy
https://www.tuttomercatoweb.com/serie-a/viviano-se-il-napoli-tenesse-osimhen-lotterebbero-tutte-per-il-secondo-posto-2121413,https://m.tuttomercatoweb.com/amp/serie-a/viviano-se-il-napoli-tenesse-osimhen-lotterebbero-tutte-per-il-secondo-posto-2121413,"Viviano :  Se il Napoli tenesse Osimhen , lotterebbero tutte per il secondo posto  ",20250705T220000Z,https://tmw-storage.tcccdn.com/storage/tuttomercatoweb.com/img_notizie/thumb3/ec/eca03a1dff9ff291d0947ce736b178e8-88032-oooz0000.jpeg,tuttomercatoweb.com,Italian,Italy
https://www.ilfattoquotidiano.it/2025/07/02/dalai-lama-successione-tibet-cina-oggi-2/8047047/,https://www.ilfattoquotidiano.it/2025/07/02/dalai-lama-successione-tibet-cina-oggi-2/8047047/amp/,Il Dalai Lama annuncia che avrà un successore,20250702T090000Z,,ilfattoquotidiano.it,Italian,Italy
https://www.tuttomercatoweb.com/rassegna-stampa/kean-suggestione-azzurra-i-la-nazione-i-napoli-in-attesa-la-fiorentina-per-ora-resiste-2121171,https://m.tuttomercatoweb.com/amp/rassegna-stampa/kean-suggestione-azzurra-i-la-nazione-i-napoli-in-attesa-la-fiorentina-per-ora-resiste-2121171,"Kean , suggestione azzurra . La Nazione :  Napoli in attesa , la Fiorentina per ora resiste  ",20250705T070000Z,https://tmw-storage.tcccdn.com/storage/tuttomercatoweb.com/img_notizie/thumb3/14/14863fafd64f2cf550d1859349646bae-25436-oooz0000.jpeg,tuttomercatoweb.com,Italian,Italy
https://www.oggitreviso.it/mondo%E2%80%AFdiviso-brics%E2%80%AFcontro%E2%80%AFoccidente-nuova-guerra%E2%80%AFdei%E2%80%AFblocchi-au25478-358837,,"Mondo diviso : BRICS+ contro Occidente , la nuova Guerra dei Blocchi",20250708T071500Z,https://www.oggitreviso.it/sites/default/files/styles/505/public/field/image/Schermata%202025-07-08%20alle%2008.45.28.jpg?itok=4yuzCFHU,oggitreviso.it,Italian,Italy
https://askanews.it/2025/07/04/la-cina-cerca-di-rassicurare-lue-sullexport-di-terre-rare/,,La Cina cerca di rassicurare lUe sullexport di terre rare,20250704T141500Z,https://askanews.it/wp-content/uploads/2025/07/20250704_150133_27B11CF1.jpg,askanews.it,Italian,Italy
https://www.giornaledibrescia.it/italia-e-estero/caldo-record-sullhimalaya-48-5-gradi-a-chilas-in-pakistan-d2p5abtb,,"Caldo record sullHimalaya , 48 , 5 gradi a Chilas , in Pakistan",20250705T190000Z,https://api.gdb.atexcloud.io/image-service/view/acePublic/alias/contentid/1kbflri3vqxeni72hwt/0/nepal-hungary-mountaineering.webp?f=16%3A9,giornaledibrescia.it,English,Italy
https://www.unionesarda.it/news/mondo/dazi-rinviati-al-primo-agosto-lettere-inviate-a-7-paesi-ostili-trattativa-aperta-con-la-ue-xa2b4zmr,https://www.unionesarda.it/news/mondo/dazi-rinviati-al-primo-agosto-lettere-inviate-a-7-paesi-ostili-trattativa-aperta-con-la-ue-xa2b4zmr?amp=1,"Dazi rinviati al primo agosto : lettere inviate a 7 Paesi  ostili , trattativa aperta con la Ue",20250708T073000Z,https://immagini.unionesarda.it/version/c:MGEzM2I4OWYtYjViNy00:ZmZhMzJiZGMtODZlOC00/image.webp?f=16:9,unionesarda.it,Italian,Italy
https://travelnostop.com/news/compagnie-aeree/emirates-a-shenzhen-e-la-quarta-destinazione-cinese_644997,,"Emirates a Shenzhen , è la quarta destinazione cinese",20250703T143000Z,https://travelnostop.com/wp-content/uploads/sites/11/2025/07/adam_li_Emirates_VPChina.jpg,travelnostop.com,Italian,Italy
https://www.milanofinanza.it/news/ursula-von-der-leyen-al-parlamento-europeo-con-la-cina-serve-un-rapporto-di-reciprocita-affidabilita-202507081132551138,,"Ue , Ursula von der Leyen avverte la Cina : servono regole eque e più rispetto",20250708T101500Z,https://static.milanofinanza.it/content_upload/img/2025/07/202507081132551138/Imagoeconomica_2476456-193575.jpg,milanofinanza.it,Italian,Italy
https://www.ansa.it/sito/notizie/topnews/2025/07/04/cina-bene-la-decisione-di-mosca-di-riconoscere-i-talebani_ca4337f6-c464-4a2e-8c8e-758faf4171e7.html,,"Cina ,  bene la decisione di Mosca di riconoscere i talebani  - Ultima ora",20250704T094500Z,https://www.ansa.it/webimages/img_1129x635/2025/7/4/1904037b4f471762e9c9f61eb7f12dca.jpg,ansa.it,Italian,Italy
https://www.ansa.it/sito/notizie/mondo/asia/2025/07/04/cina-bene-la-decisione-di-mosca-di-riconoscere-i-talebani_bd4aaba8-feba-46a4-83e2-236984176648.html,https://www.ansa.it/amp/sito/notizie/mondo/asia/2025/07/04/cina-bene-la-decisione-di-mosca-di-riconoscere-i-talebani_bd4aaba8-feba-46a4-83e2-236984176648.html,"Cina ,  bene la decisione di Mosca di riconoscere i talebani  - Asia",20250704T113000Z,https://www.ansa.it/webimages/img_1129x635/2025/7/4/1904037b4f471762e9c9f61eb7f12dca.jpg,ansa.it,Italian,Italy
https://www.teleborsa.it/News/2025/07/08/chiude-in-rosso-wall-street-dopo-annunci-trump-su-nuovi-dazi-a-14-paesi-1_TLB-AUTO.html,https://www.teleborsa.it/AMP/News/2025/07/08/chiude-in-rosso-wall-street-dopo-annunci-trump-su-nuovi-dazi-a-14-paesi-1_TLB-AUTO.html,Chiude in rosso Wall Street dopo annunci Trump su nuovi dazi a 14 paesi,20250708T070000Z,https://images.teleborsa.it/t/stabile/125017.t.W600.H340.M4.jpg,teleborsa.it,Italian,Italy
https://www.teleborsa.it/News/2025/07/08/trump-annuncia-dazi-a-sette-paesi-con-ue-partita-ancora-aperta-9.html,https://www.teleborsa.it/AMP/News/2025/07/08/trump-annuncia-dazi-a-sette-paesi-con-ue-partita-ancora-aperta-9.html,"Trump annuncia dazi a sette Paesi , con Ue partita ancora aperta",20250708T070000Z,https://images.teleborsa.it/t/stabile/276865.t.W600.H340.M4.jpg,teleborsa.it,Italian,Italy
https://www.zazoom.it/2025-07-06/inzaghi-cerca-un-attaccante-in-serie-a-spunta-un-nuovo-nome-pesante/17328368/,,Inzaghi cerca un attaccante in Serie A | spunta un nuovo nome pesante ! ,20250706T213000Z,https://www.inter-news.it/files/2025/06/real-madrid-cf-v-al-hilal-group-h-fifa-club-world-cup-2025-scaled.jpg,zazoom.it,Italian,Italy
https://www.lettera43.it/azioni-tesla-crollo-trump-cina-musk-byd-america-party/,,Tesla affossata dalla guerra Trump - Musk e dalla Cina,20250707T180000Z,https://www.lettera43.it/wp-content/uploads/2025/07/tagfin_20250707163523587_4a96db0dd5b64b08b5aea1b3303d2f55-scaled.jpg,lettera43.it,Italian,Italy
https://www.milanofinanza.it/news/dazi-trump-firma-lettere-per-12-paesi-dalla-cina-alla-ue-prendere-o-lasciare-offerte-non-negoziabili-202507051236379534,,"Dazi , Trump firma lettere per 12 Paesi , dalla Cina alla Ue : prendere o lasciare , offerte non negoziabili",20250705T153000Z,https://static.milanofinanza.it/content_upload/img/2025/07/202507051236379534/Imagoeconomica_2497649-696340.jpg,milanofinanza.it,Italian,Italy
https://www.ilgiornale.it/news/economia-e-finanza/non-ha-mai-acquistato-cos-tante-miniere-cosa-c-dietro-mossa-2505983.html,,Le mani della Cina sulle miniere globali : cosa c  è dietro la mossa di Xi,20250706T120000Z,https://img.ilgcdn.com/sites/default/files/styles/social/public/foto/2021/11/05/1636109216-bruna-fiscuk-sruz-sxljci-unsplash.jpeg?_=1636109216,ilgiornale.it,Italian,Italy
https://opinione.it/editoriali/2025/07/08/cristofaro-sola-brics-rapporti-forza-usa-g7-commercio/,,  Cavallo pazzo  Trump spaventa anche i Brics,20250708T090000Z,"https://www.opinione.it/media/8317398/sola.jpg?crop=0,0.036666666666666667,0,0.15083333333333335&cropmode=percentage",opinione.it,Italian,Italy
https://www.quotidiano.net/esteri/europa/von-der-leyen-una-cooperazione-costruttiva-e-sfide-commerciali-al-vertice-ue-cina-g5jk5rt9,,Von der Leyen : una cooperazione costruttiva e sfide commerciali al vertice UE - Cina,20250709T084500Z,https://www.quotidiano.net/image-service/view/acePublic/alias/contentid/NzBjMDFkMWYtZTNjZS00/0/france-eu-parliament.jpeg,quotidiano.net,Italian,Italy
https://www.quotidiano.net/ultimaora/trump-pubblica-lettera-a-giappone-0024ee89,,Trump pubblica lettera a Giappone e Corea del Sud :  dazi al 25 % ,20250707T203000Z,https://www.quotidiano.net/image-service/view/acePublic/alias/contentid/NjY1OGQzOGQtODdkZC00/0/il-presidente-americano-donald-trump-foto-dire.jpeg,quotidiano.net,Italian,Italy
https://www.ilgiornale.it/news/economia-e-finanza/cooperazione-internazionale-consumi-crescita-e-sviluppo-hi-2506315.html,,"Cooperazione internazionale , consumi in crescita e sviluppo hi - tech : così leconomia cinese spicca il volo",20250707T083000Z,https://img.ilgcdn.com/sites/default/files/styles/social/public/foto/2022/11/01/1667302945-cina-cinitalia.jpg?_=1667302945,ilgiornale.it,Italian,Italy
https://www.zazoom.it/2025-07-07/dazi-casa-bianca-trump-rinvia-al-1-8/17333328/,,Dazi Casa Bianca | Trump rinvia al 1 8,20250707T200000Z,https://www.zazoom.it/news.jpg,zazoom.it,Italian,Italy
https://www.tuttomercatoweb.com/serie-a/milan-spunta-un-nome-a-sorpresa-per-il-dopo-theo-anche-brown-del-gent-nella-i-shortlist-i-2121478,https://m.tuttomercatoweb.com/amp/serie-a/milan-spunta-un-nome-a-sorpresa-per-il-dopo-theo-anche-brown-del-gent-nella-i-shortlist-i-2121478,"Milan , spunta un nome a sorpresa per il dopo Theo : anche Brown del Gent nella shortlist",20250706T074500Z,https://tmw-storage.tcccdn.com/storage/tuttomercatoweb.com/img_notizie/thumb3/a4/a43275bc7a34040b846b0e8544ebb199-57345-oooz0000.jpeg,tuttomercatoweb.com,Italian,Italy
https://www.ilmessaggero.it/mondo/cina_guerra_ombra_contro_francia_vendite_jet_rafale-8942904.html,https://www.ilmessaggero.it/AMP/mondo/cina_guerra_ombra_contro_francia_vendite_jet_rafale-8942904.html,"Cina , guerra ombra contro la Francia : così Pechino boicotta le vendite dei jet Rafale francesi dopo gli scontri India - Pakistan",20250707T173000Z,https://statics.cedscdn.it/photos/MED_HIGH/2025/07/07/8942904_07185820_onecms_19u5kwix0q182kxi70v.jpg,ilmessaggero.it,Italian,Italy
https://www.ilmessaggero.it/mondo/corea_del_nord_fuga_uomo_attraversa_zona_demilitarizzata_come_ha_fatto_soldati_cosa_e_successo-8937452.html,https://www.ilmessaggero.it/AMP/mondo/corea_del_nord_fuga_uomo_attraversa_zona_demilitarizzata_come_ha_fatto_soldati_cosa_e_successo-8937452.html,"Corea del Nord , fuga da film di un uomo che ha attraversato in 20 ore la zona demilitarizzata . Quando ha visto i soldati ha detto : « Chi siete ?» ",20250704T121500Z,https://statics.cedscdn.it/photos/MED_HIGH/2025/07/04/8937452_04130217_corea_del_nord.jpg,ilmessaggero.it,Italian,Italy
https://www.ilgiorno.it/ultimaora/trump-pubblica-lettera-a-giappone-0024ee89,,Trump pubblica lettera a Giappone e Corea del Sud :  dazi al 25 % ,20250707T200000Z,https://www.ilgiorno.it/image-service/view/acePublic/alias/contentid/NjY1OGQzOGQtODdkZC00/0/il-presidente-americano-donald-trump-foto-dire.jpeg,ilgiorno.it,Italian,Italy
https://www.ilpost.it/2025/07/02/dalai-lama-successore-annuncio/,,Il Dalai Lama ha annunciato che avrà un successore,20250702T091500Z,https://static-prod.cdnilpost.com/wp-content/uploads/2025/07/02/1751434525-dalai-lama-successore.jpg,ilpost.it,Italian,Italy
https://www.ilsussidiario.net/news/terre-rare-usa-vs-cina-in-africa-trump-deve-gestire-un-ritardo-di-30-anni-partira-dalla-nigeria/2854940/,https://www.ilsussidiario.net/news/terre-rare-usa-vs-cina-in-africa-trump-deve-gestire-un-ritardo-di-30-anni-partira-dalla-nigeria/2854940/amp/,"TERRE RARE /  Usa vs . Cina in Africa , Trump deve gestire un ritardo di 30 anni . Partirà dalla Nigeria  ",20250707T071500Z,https://www.ilsussidiario.net/wp-content/uploads/2025/07/07/trump_4_ansa1200.jpg.webp,ilsussidiario.net,Italian,Italy
https://www.milannews.it/news/braglia-consiglia-per-kean-se-ci-fosse-la-premier-andrei-tutta-la-vita-li-in-arabia-solo-soldi-582368,https://m.milannews.it/amp/news/braglia-consiglia-per-kean-se-ci-fosse-la-premier-andrei-tutta-la-vita-li-in-arabia-solo-soldi-582368,"Braglia consiglia :  Per Kean , se ci fosse la Premier , andrei tutta la vità lì . In Arabia solo soldi  ",20250702T223000Z,https://net-storage.tcccdn.com/storage/milannews.it/img_notizie/thumb3/be/be76fc06ba815f5058573edd91bf3fb0-26793-oooz0000.jpeg,milannews.it,Italian,Italy
https://www.quotidiano.net/esteri/missili-patriot-cosa-sono-come-funzionano-d4bbb252,,LUcraina appesa ai Patriot :  perché sono così determinanti .  Ma uno studio va controcorrente,20250704T141500Z,https://www.quotidiano.net/image-service/view/acePublic/alias/contentid/MzJhODk4OTEtYWUzYi00/0/missili-patriot-in-azione-foto-raitheon.jpeg,quotidiano.net,Italian,Italy
https://www.meteoweb.eu/2025/07/maltempo-cina-tornado-cangzhou-danni-vittime/1001811501/,https://www.meteoweb.eu/2025/07/maltempo-cina-tornado-cangzhou-danni-vittime/1001811501/?amp=1,"Maltempo Cina , tornado si abbatte su Cangzhou : danni e vittime",20250703T000000Z,https://www.meteoweb.eu/wp-content/uploads/2025/07/maltempo-tornado-cina-1200x660.jpg,meteoweb.eu,Italian,Italy
https://www.ilsole24ore.com/art/la-dichiarazione-dalai-lama-nomina-successore-AHlL07UB,,La dichiarazione del Dalai Lama sulla nomina del successore,20250702T091500Z,,ilsole24ore.com,English,Italy
https://formiche.net/2025/07/xi-non-vuole-che-putin-perda-il-segreto-di-pulcinella/,https://formiche.net/2025/07/xi-non-vuole-che-putin-perda-il-segreto-di-pulcinella/?amp,Xi non vuole che Putin perda ? Il segreto di Pulcinella,20250704T173000Z,https://formiche.net/wp-content/blogs.dir/10051/files/2023/05/Imagoeconomica_1893605.jpeg,formiche.net,Italian,Italy
https://www.repubblica.it/economia/rubriche/circo-massimo/2025/07/07/news/petrolio_armi_e_nucleare_con_la_guerra_a_pezzi_c_e_chi_fa_un_sacco_di_soldi-424711683/,https://www.repubblica.it/economia/rubriche/circo-massimo/2025/07/07/news/petrolio_armi_e_nucleare_con_la_guerra_a_pezzi_c_e_chi_fa_un_sacco_di_soldi-424711683/amp/,"Petrolio , armi e nucleare con la  guerra a pezzi  c  è chi fa un sacco di soldi",20250707T071500Z,https://www.repstatic.it/content/nazionale/img/2025/07/04/194209193-1b100eb5-0598-47f7-aa22-c3cbc5ef42b9.jpg,repubblica.it,Italian,Italy
https://www.panorama.it/attualita/difesa-aerospazio/disturbi-al-gps-si-torna-ai-sistemi-terrestri,,"Disturbi al Gps , si torna ai sistemi terrestri",20250704T183000Z,https://www.panorama.it/wp-content/uploads/2025/07/Murmansk_BN_29f34c.jpg,panorama.it,Italian,Italy
https://www.ilfoglio.it/esteri/2025/07/03/news/la-fine-della-guerra-a-gaza-e-un-nuovo-inizio-degli-accordi-di-abramo-7887437/,https://www.ilfoglio.it/esteri/2025/07/03/news/la-fine-della-guerra-a-gaza-e-un-nuovo-inizio-degli-accordi-di-abramo-7887437/amp/,La fine della guerra a Gaza e un nuovo inizio degli Accordi di Abramo,20250703T063000Z,https://img-prod.ilfoglio.it/2025/07/02/175752525-8d7703ec-537b-446b-a464-523cfa84e5c7.jpg,ilfoglio.it,Italian,Italy
https://www.lanuovasardegna.it/speciale/2025/07/08/news/alla-camera-dekra-celebra-i-100-anni-tra-crescita-e-sicurezza-stradale-1.100732450,,Alla Camera Dekra celebra i 100 anni tra crescita e sicurezza stradale,20250708T161500Z,,lanuovasardegna.it,Italian,Italy
https://www.zazoom.it/2025-07-04/gaza-ore-decisive-per-il-cessate-il-fuoco-tra-israele-e-hamas/17315510/,,Gaza ore decisive per il cessate il fuoco tra Israele e Hamas,20250704T063000Z,https://www.lidentita.it/wp-content/uploads/2025/07/Gaza-scaled-e1751609130451.jpg,zazoom.it,Italian,Italy
https://www.ansa.it/sito/notizie/mondo/2025/07/02/moodys-lancia-lallarme-sui-dazi-trump-non-molla_4a807f65-08ae-48bc-8298-a9389aed4359.html,https://www.ansa.it/amp/sito/notizie/mondo/2025/07/02/moodys-lancia-lallarme-sui-dazi-trump-non-molla_4a807f65-08ae-48bc-8298-a9389aed4359.html,"Moody lancia lallarme sui dazi , Trump non molla - Notizie",20250702T184500Z,https://www.ansa.it/webimages/img_1129x635/2025/5/24/4128c85aca7ea1c2b602a4ff2f969b22.jpg,ansa.it,Italian,Italy
https://www.suedtirolnews.it/politik/brics-ernsthafte-bedenken-gegen-us-strafzoelle,,BRICS :  Ernsthafte Bedenken  gegen US - Strafzölle – Südtirol News,20250706T194500Z,https://media.stncdn.it/960x720/2025/07/brics-gastgeber-brasiliens-praesident-lula-da-silva.jpg,suedtirolnews.it,German,Italy
https://www.zazoom.it/2025-07-07/petrolio-in-calo-dopo-laumento-della-produzione-dellopec/17329245/,,Petrolio in calo dopo l  aumento della produzione dell  Opec+,20250707T063000Z,https://www.quotidiano.net/image-service/view/acePublic/alias/contentid/NmZkODVkYmMtZDIwZC00/0/petrolio-in-calo-dopo-l-aumento-della-produzione-dell-opec.jpeg,zazoom.it,Italian,Italy
https://www.targatocn.it/2025/07/08/leggi-notizia/argomenti/ultimora/articolo/dazi-si-o-dazi-no-lincertezza-costa-tutti-i-danni-del-tira-e-molla-di-trump.html,https://www.targatocn.it/2025/07/08/amp/argomenti/ultimora/articolo/dazi-si-o-dazi-no-lincertezza-costa-tutti-i-danni-del-tira-e-molla-di-trump.html,"Dazi sì o dazi no , lincertezza costa : tutti i danni del  tira e molla  di Trump",20250708T094500Z,https://www.targatocn.it/fileadmin/archivio/adnkronos/imported/www.adnkronos.com_resources_0298-1d7032d15835-c5aeb87b325a-1000_format_medium_dazi_trump_firma_fg_ipa.jpeg.jpeg,targatocn.it,Italian,Italy
https://www.zazoom.it/2025-07-08/trump-il-brasile-sta-facendo-una-cosa-terribile-nel-modo-in-cui-sta-trattando-lex-presidente-bolsonaro/17336942/,,Trump | Il Brasile sta facendo una cosa terribile nel modo in cui sta trattando lex presidente Bolsonaro,20250708T133000Z,https://www.periodicodaily.com/wp-content/uploads/2025/07/Bolsonaro-Trump.jpg,zazoom.it,Italian,Italy
https://formiche.net/2025/07/usa-rimuovono-limiti-export-chip-verso-la-cina/,https://formiche.net/2025/07/usa-rimuovono-limiti-export-chip-verso-la-cina/?amp,Usa e Cina provano a intendersi . Washington cancella i limiti allexport di chip,20250703T180000Z,https://formiche.net/wp-content/blogs.dir/10051/files/2024/12/Imagoeconomica_2291176.jpg,formiche.net,Italian,Italy
https://www.zazoom.it/2025-07-07/petrolio-in-calo-dopo-laumento-della-produzione-dellopec-2/17329246/,,Petrolio in calo dopo l  aumento della produzione dell  Opec+,20250707T063000Z,https://www.quotidiano.net/image-service/view/acePublic/alias/contentid/YjdjMmQ3ODQtYzVkOC00/0/petrolio-in-calo-dopo-l-aumento-della-produzione-dell-opec.jpeg,zazoom.it,Italian,Italy
https://www.ansa.it/europa/notizie/rubriche/altrenews/2025/07/05/ansa-focus-la-cina-ammette-mosca-non-puo-perdere-la-guerra_6926becb-57e2-440a-9a55-cc79fce1eb80.html,https://www.ansa.it/amp/europa/notizie/rubriche/altrenews/2025/07/05/ansa-focus-la-cina-ammette-mosca-non-puo-perdere-la-guerra_6926becb-57e2-440a-9a55-cc79fce1eb80.html,">ANSA - FOCUS / La Cina ammette ,  Mosca non può perdere la guerra  - Altre news",20250705T153000Z,https://www.ansa.it,ansa.it,Italian,Italy
https://www.ansa.it/marche/notizie/2025/07/04/premio-accademia-marchigiani-dellanno-riconoscimento-a-tajani_2373952a-62d8-482e-b2d0-8c866ba468fc.html,https://www.ansa.it/amp/marche/notizie/2025/07/04/premio-accademia-marchigiani-dellanno-riconoscimento-a-tajani_2373952a-62d8-482e-b2d0-8c866ba468fc.html,"Premio Accademia Marchigiani dellanno , riconoscimento a Tajani - Notizie",20250704T184500Z,https://www.ansa.it/webimages/img_1129x635/2025/7/4/a07f640d1482f4353417b4bd62276e28.jpg,ansa.it,Italian,Italy
https://www.milanofinanza.it/news/auto-la-cinese-geely-sbarca-in-italia-in-arrivo-due-suv-elettrificati-nel-quarto-trimestre-dell-anno-202507031537598713,,"Auto , la cinese Geely sbarca in Italia : in arrivo due Suv elettrificati nel quarto trimestre dellanno",20250703T143000Z,https://static.milanofinanza.it/content_upload/img/2025/07/202507031537598713/Imagoeconomica_2401844-770032.jpg,milanofinanza.it,Italian,Italy
https://www.primapress.it/usa-trump-sposta-la-scadenza-dei-dazi-al-1o-agosto-ma-dal-sudafrica-al-myanmar-gia-e-tax-fino-40/,https://www.primapress.it/usa-trump-sposta-la-scadenza-dei-dazi-al-1o-agosto-ma-dal-sudafrica-al-myanmar-gia-e-tax-fino-40/amp/,"USA , Trump sposta la scadenza dei dazi al 1º agosto ma dal Sudafrica al Myanmar già è Tax fino 40 % – PRIMAPRESS",20250707T210000Z,,primapress.it,Italian,Italy
https://www.ilmessaggero.it/roma/tiburtino/roma_la_boxe_torre_angela_di_alessandro_el_moethy_diventa_internazionale-8939086.html,https://www.ilmessaggero.it/AMP/roma/roma_la_boxe_torre_angela_di_alessandro_el_moethy_diventa_internazionale-8939086.html,"Roma , la Boxe Torre Angela di Alessandro El Moethy diventa internazionale",20250705T091500Z,https://statics.cedscdn.it/photos/MED_HIGH/2025/07/05/8939086_05053513_screenshot_2025_07_04_alle_22.56.15.jpg,ilmessaggero.it,Italian,Italy
https://www.italiaoggi.it/economia-e-politica/politica-estera/medio-oriente-hamas-disponibile-al-disarmo-trump-risposta-entro-24-ore-egy19jp8,,"Medio Oriente , Hamas disponibile al disarmo . Trump : risposta entro 24 ore",20250704T133000Z,https://images.class.atexcloud.io/view/acePublic/alias/contentid/7dec0792-88f0-4f19-8e18-a77435813cb7/0/the-israel-defense-forces.webp,italiaoggi.it,Italian,Italy
https://www.tuttomercatoweb.com/mondiale-per-club/cinque-europee-due-brasiliane-una-saudita-i-quarti-di-finale-del-mondiale-per-club-2120048,https://m.tuttomercatoweb.com/amp/mondiale-per-club/cinque-europee-due-brasiliane-una-saudita-i-quarti-di-finale-del-mondiale-per-club-2120048,"Cinque europee , due brasiliane , una saudita : i quarti di finale del Mondiale per Club",20250702T091500Z,https://tmw-storage.tcccdn.com/storage/tuttomercatoweb.com/img_notizie/thumb3/b9/b91b95f773714716402996f23dd34c9b-68663-oooz0000.jpeg,tuttomercatoweb.com,Italian,Italy
https://www.milannews.it/news/pippo-inzaghi-difende-il-fratello-leggo-sciocchezze-l-unica-cosa-che-so-e-che-ha-deciso-dopo-la-finale-582602,https://m.milannews.it/amp/news/pippo-inzaghi-difende-il-fratello-leggo-sciocchezze-l-unica-cosa-che-so-e-che-ha-deciso-dopo-la-finale-582602,Pippo Inzaghi difende il fratello :  Leggo sciocchezze . Lunica cosa che so è che ha deciso dopo la finale  ,20250705T141500Z,https://net-storage.tcccdn.com/storage/milannews.it/img_notizie/thumb3/fc/fcb14236ffdadb69373c563e6282f8b0-10623-oooz0000.jpeg,milannews.it,Italian,Italy
https://www.ansa.it/sito/notizie/mondo/2025/07/07/trump-alle-12-partiranno-le-prime-lettere-sui-dazi-10-ai-pro-brics.-ue-ieri_4c5deadd-ca14-4f32-94ee-cf1fc7c5af06.html,https://www.ansa.it/amp/sito/notizie/mondo/2025/07/07/trump-alle-12-partiranno-le-prime-lettere-sui-dazi-10-ai-pro-brics.-ue-ieri_4c5deadd-ca14-4f32-94ee-cf1fc7c5af06.html,"Trump : alle 12 partiranno le prime lettere sui dazi , +10 % ai pro - Brics . Ue ,  ieri telefonata von der Leyen - Trump , buono scambio  - Notizie",20250707T110000Z,https://www.ansa.it/webimages/img_1129x635/2025/7/7/dfc50e1f4fd77691a0409a3120e486f3.jpg,ansa.it,Italian,Italy
https://www.zazoom.it/2025-07-03/dal-borgo-al-medio-oriente-ll-ministro-giordano-hneifat-in-visita-nella-sede-di-aboca/17309252/,,Dal borgo al Medio Oriente ll ministro giordano Hneifat in visita nella sede di Aboca,20250703T034500Z,https://www.lanazione.it/image-service/view/acePublic/alias/contentid/NzkxNGZkMGYtNDA0Yy00/0/dal-borgo-al-medio-oriente-ll-ministro-giordano-hneifat-in-visita-nella-sede-di-aboca.jpeg,zazoom.it,Italian,Italy
https://ilmanifesto.it/avanti-con-giudizio-la-cina-guida-la-carica-ma-xi-non-ce,,"Avanti con giudizio , la Cina guida la carica ma Xi non c  è",20250706T011500Z,https://static.ilmanifesto.it/2025/07/06desk2-riapertura-xi-jinping-ap.jpg,ilmanifesto.it,Italian,Italy
https://www.repubblica.it/rubriche/spycalcio/2025/07/05/news/giochi_2036_candidatura_india-424713194/,https://www.repubblica.it/rubriche/spycalcio/2025/07/05/news/giochi_2036_candidatura_india-424713194/amp/,"Giochi 2036 , lIndia in piena corsa ( ma quanti sfidanti ...) ",20250705T164500Z,https://www.repstatic.it/content/nazionale/img/2025/07/05/171139294-f1d5ca66-11d5-4f87-a90c-98b5bcc7aec0.jpg,repubblica.it,Italian,Italy
https://www.ansa.it/sito/notizie/mondo/asia/2025/07/05/media-pechino-cina-e-ue-vicine-allaccordo-su-dazi-alle-e-car_85c35029-0a00-4a5e-9cc1-40af03a39c69.html,https://www.ansa.it/amp/sito/notizie/mondo/asia/2025/07/05/media-pechino-cina-e-ue-vicine-allaccordo-su-dazi-alle-e-car_85c35029-0a00-4a5e-9cc1-40af03a39c69.html,"Media Pechino , Cina e Ue vicine allaccordo su dazi alle e - car - Asia",20250705T211500Z,https://www.ansa.it/webimages/img_1129x635/2025/4/28/96d719927db9d209268e580b17496bb2.jpg,ansa.it,Italian,Italy
https://www.ilgazzettino.it:443/esteri/dazi_trump_ultime_offerte_europa_cosa_si_rischia_senza_accordo-8940819.html,https://www.ilgazzettino.it/AMP/esteri/dazi_trump_ultime_offerte_europa_cosa_si_rischia_senza_accordo-8940819.html,"Dazi , Trump : ultime offerte a Europa , Giappone e Corea . « Prendere o lasciare ». Cosa si rischia senza accordo ? ",20250706T073000Z,https://statics.cedscdn.it/photos/MED_HIGH/2025/07/06/8940819_trump_dazi_02224314.jpg,ilgazzettino.it,Italian,Italy
https://www.ilmattino.it/economia/news/dazi_trump_ultime_offerte_europa_giappone_corea_cosa_si_rischia_senza_accordo-8940832.html,https://www.ilmattino.it/AMP/economia/dazi_trump_ultime_offerte_europa_giappone_corea_cosa_si_rischia_senza_accordo-8940832.html,"Dazi , Trump : ultime offerte a Europa , Giappone e Corea . « Prendere o lasciare ». Cosa si rischia senza accordo ? ",20250706T074500Z,https://statics.cedscdn.it/photos/MED_HIGH/2025/07/05/8939697_trump_dazi_02224314.jpg,ilmattino.it,Italian,Italy
https://www.meteoweb.eu/2025/07/semiconduttori-ai-cina-accelera-restrizioni-usa/1001811308/,https://www.meteoweb.eu/2025/07/semiconduttori-ai-cina-accelera-restrizioni-usa/1001811308/?amp=1,Corsa ai semiconduttori : la Cina accelera nonostante le restrizioni,20250702T134500Z,,meteoweb.eu,Italian,Italy
https://www.milanofinanza.it/news/dazi-usa-trump-impone-dazi-del-25-su-giappone-e-corea-del-sud-e-minaccia-aumenti-in-caso-di-202507071912265942,,"Usa , Trump impone dazi del 25 % su Giappone e Corea del Sud . Leavitt ( Casa Bianca ): pronte lettere per altri 12 paesi",20250707T201500Z,https://static.milanofinanza.it/content_upload/img/2025/07/202507071912265942/trump7luglio-121616.jpg,milanofinanza.it,Italian,Italy
https://www.zazoom.it/2025-07-08/dazi-trump-rinvia-la-questione-al-primo-agosto/17336225/,,Dazi Trump rinvia la questione al primo agosto,20250708T111500Z,https://img-api.cloud.mediaset.net/api/images/kn/v1/image_main/1200/675/100785585?r=8,zazoom.it,Italian,Italy
https://www.agenzianova.com/news/il-ministro-degli-esteri-cinese-promuovere-un-nuovo-accordo-internazionale-sulliran/,,Il ministro degli Esteri cinese :  Promuovere un nuovo accordo internazionale sullIran  ,20250705T084500Z,https://www.agenzianova.com/news/wp-content/uploads/2021/05/WangYi-ministro-esteri-Cina.jpg,agenzianova.com,Italian,Italy
https://www.agenzianova.com/news/brasile-e-cina-concordano-di-ampliare-la-cooperazione-focus-su-economia-digitale-e-aerospazio/,,Brasile e Cina concordano di ampliare la cooperazione : focus su economia digitale e aerospazio,20250706T160000Z,https://www.agenzianova.com/news/wp-content/uploads/2025/07/brasile-cina-lula-li-scaled.jpg,agenzianova.com,Italian,Italy
https://ilmanifesto.it/la-lettera-di-trump-a-170-paesi-cosi-mi-pagherete-tutti,,La lettera di Trump a 170 paesi : così mi pagherete tutti,20250705T014500Z,https://static.ilmanifesto.it/2025/07/05est2-f01-trum-iowa-ap.jpg,ilmanifesto.it,Italian,Italy
https://www.borsaitaliana.it/borsa/notizie/teleborsa/finanza/agenda-del-7-luglio-2025-1_2025-07-07_TLB-BIT.html,,Agenda del 7 luglio 2025 - Borsa Italiana,20250707T070000Z,,borsaitaliana.it,Italian,Italy
https://www.calcionapoli24.it/rassegna_stampa/calciomercato-napoli-clamoroso-retroscena-corsera-vlahovic-ha-rifiutato-gli-azzurri-la-n653091.html,https://m.calcionapoli24.it/rassegna_stampa/calciomercato-napoli-clamoroso-retroscena-corsera-vlahovic-ha-rifiutato-gli-azzurri-la-n653091.html,"Calciomercato Napoli , clamoroso retroscena CorSera - Vlahovic ha rifiutato gli azzurri : la Juve lo voleva scambiare con Osimhen",20250705T111500Z,https://resource.calcionapoli24.it/www/thumbs/643x350/1734266223_131.jpg,calcionapoli24.it,Italian,Italy
https://www.ilfattoquotidiano.it/2025/07/07/trump-dazi-accordi-preliminari-news/8053304/,https://www.ilfattoquotidiano.it/2025/07/07/trump-dazi-accordi-preliminari-news/8053304/amp/,Trump e i dazi : solo tre accordi preliminari dei 90 promessi | Il Fatto Quotidiano,20250707T161500Z,,ilfattoquotidiano.it,Italian,Italy
https://www.milanofinanza.it/investimenti-trading/l-oro-correra-ancora-202507040724581470,,Loro correrà ancora | MilanoFinanza News,20250705T020000Z,https://static.milanofinanza.it/content_upload/grf/2025/07/202507040724581470/Oro_cover1-375806.jpg,milanofinanza.it,Italian,Italy
https://www.ilsole24ore.com/art/dazi-domani-lettera-usa-ue-von-der-leyen-stiamo-negoziando-AHSPvUcB,,"Dazi united states , in arrivo la lettera alla Ue . Von der Leyen : stiamo negoziando",20250709T081500Z,,ilsole24ore.com,Italian,Italy
https://www.ilfoglio.it/esteri/2025/07/05/news/la-fine-delle-illusioni-sulla-cina-dopo-il-summit-con-bruxelles-7893028/,https://www.ilfoglio.it/esteri/2025/07/05/news/la-fine-delle-illusioni-sulla-cina-dopo-il-summit-con-bruxelles-7893028/amp/,La fine delle illusioni sulla Cina dopo il summit con Bruxelles,20250705T053000Z,https://img-prod.ilfoglio.it/2025/07/04/142530708-4d6979fa-df80-4ca7-99ce-37fb49e735a2.jpg,ilfoglio.it,Italian,Italy
https://www.ilgiornale.it/news/politica-estera/regola-washington-difendere-i-colossi-tecnologia-2503768.html,,La prima regola di Washington : difendere i colossi della tecnologia,20250702T051500Z,https://img.ilgcdn.com/sites/default/files/styles/social/public/foto/2024/11/04/1730694819-rene-deanda-zfklckk-ql0-unsplash.jpg?_=1730694819,ilgiornale.it,Italian,Italy
https://www.lagazzettadelmezzogiorno.it/news/ultima-ora/1764543/media-pechino-cina-e-ue-vicine-all-accordo-su-dazi-alle-e-car.html,https://www.lagazzettadelmezzogiorno.it/news/ultima-ora/1764543/media-pechino-cina-e-ue-vicine-all-accordo-su-dazi-alle-e-car.amp,"Media Pechino , Cina e Ue vicine allaccordo su dazi alle e - car",20250705T201500Z,https://www.lagazzettadelmezzogiorno.it/resizer/1200/630/true/ansa/2025_07_05/ca255fc368b692780dd4629ae17f869a.jpg--.jpg,lagazzettadelmezzogiorno.it,Italian,Italy
https://www.larena.it/spazio-lettori/blog/la-posta-della-olga/si-rischia-che-piazza-bra-diventi-piazza-broa-1.12725942,https://www.larena.it/spazio-lettori/blog/la-posta-della-olga/si-rischia-che-piazza-bra-diventi-piazza-broa-1.12725942/amp,Si rischia che piazza Bra diventi piazza Broà,20250706T073000Z,https://gfx.larena.it/image/contentid/policy:1.10281571:1695104597/image.jpg?f=16x9&$p$f$h$w=7061f55,larena.it,Italian,Italy
https://askanews.it/2025/07/08/ue-cina-von-der-leyen-cina-comporta-rischi-e-opportunita/,,"UE - Cina , von der Leyen : Cina comporta rischi e opportunità",20250708T104500Z,https://askanews.it/wp-content/uploads/2025/07/20250708_115917_A3B34276.jpg,askanews.it,Italian,Italy
https://www.zazoom.it/2025-07-07/trump-annuncia-nuovi-dazi-stangata-su-giappone-corea-e-altri-paesi-asiatici-mercati-in-allerta/17333320/,,Trump annuncia nuovi dazi | stangata su Giappone Corea e altri Paesi asiatici Mercati in allerta,20250707T200000Z,https://www.laprimapagina.it/wp-content/uploads/2020/03/Donald-Trump.jpg,zazoom.it,Italian,Italy
https://www.gazzettadiparma.it/italia-mondo/2025/07/05/news/media-pechino-cina-e-ue-vicine-all-accordo-su-dazi-alle-e-car-877473/,https://www.gazzettadiparma.it/italia-mondo/2025/07/05/news/media-pechino-cina-e-ue-vicine-all-accordo-su-dazi-alle-e-car-877473/amp/,"Media Pechino , Cina e Ue vicine allaccordo su dazi alle e - car",20250705T203000Z,https://www.gazzettadiparma.it/resizer/1200/630/true/ansa/2025_07_05/ca255fc368b692780dd4629ae17f869a.jpg--.jpg,gazzettadiparma.it,Italian,Italy
https://www.ilsussidiario.net/news/scenario-dazi-il-regalo-alla-cina-che-usa-e-ue-devono-evitare/2855962/,https://www.ilsussidiario.net/news/scenario-dazi-il-regalo-alla-cina-che-usa-e-ue-devono-evitare/2855962/amp/,SCENARIO DAZI / Il regalo alla Cina che united states e Ue devono evitare,20250709T063000Z,https://www.ilsussidiario.net/wp-content/uploads/2025/06/25/CasaBianca_Ansa1200.jpg.webp,ilsussidiario.net,Italian,Italy
https://www.repubblica.it/economia/2025/07/06/news/dazi_usa_ue_trattativa_trump-424713801/,https://www.repubblica.it/economia/2025/07/06/news/dazi_usa_ue_trattativa_trump-424713801/amp/,"Dazi , la Ue prepara la risposta controtariffe da 90 miliardi",20250706T034500Z,https://www.repstatic.it/content/nazionale/img/2025/07/05/231502111-db05aa36-b132-4a98-9fbd-ad29ba72de98.jpg,repubblica.it,Italian,Italy
https://www.repubblica.it/green-and-blue/dossier/tutti-per-la-terra/2025/07/04/news/oscar_olivares_murales-424700923/,https://www.repubblica.it/green-and-blue/dossier/tutti-per-la-terra/2025/07/04/news/oscar_olivares_murales-424700923/amp/,Oscar Olivares e i suoi  eco - murales  - la Repubblica,20250706T034500Z,https://www.repstatic.it/content/contenthub/img/2025/06/30/122842727-f229b76e-05cc-4376-b3e8-8de609408f55.jpg,repubblica.it,Italian,Italy
https://www.ansa.it/sito/notizie/mondo/2025/07/07/convocati-sui-dazi-gli-ambasciatori-dei-27-paesi-dellue_4c5deadd-ca14-4f32-94ee-cf1fc7c5af06.html,https://www.ansa.it/amp/sito/notizie/mondo/2025/07/07/convocati-sui-dazi-gli-ambasciatori-dei-27-paesi-dellue_4c5deadd-ca14-4f32-94ee-cf1fc7c5af06.html,Convocati sui dazi gli ambasciatori dei 27 Paesi dellUe - Notizie,20250707T160000Z,https://www.ansa.it/webimages/img_1129x635/2025/7/7/dfc50e1f4fd77691a0409a3120e486f3.jpg,ansa.it,Italian,Italy
https://www.famigliacristiana.it/articolo/quelle-guerre-indegne-delluomo-e-la-sfida-di-un-ministero-per-la-pace.aspx,,Quelle guerre indegne delluomo e la sfida di un ministero per la pace,20250703T051500Z,https://media.famigliacristiana.it/2025/7/abaca_guerra_ansa_3575099.jpg,famigliacristiana.it,Italian,Italy
https://www.infodata.ilsole24ore.com/2025/07/04/quali-sono-i-paesi-con-la-maggiore-spesa-militare-nel-2025/,,Quali sono i Paesi con la maggiore spesa militare nel 2025 ? ,20250704T090000Z,https://www.infodata.ilsole24ore.com/wp-content/uploads/sites/89/2025/07/swdede.jpg,infodata.ilsole24ore.com,Italian,Italy
https://www.corriere.it/opinioni/25_luglio_02/accordo-congo-ruanda-e-terre-rare-ced5c539-e171-4a3b-9869-0c42c012cxlk.shtml,https://www.corriere.it/opinioni/25_luglio_02/accordo-congo-ruanda-e-terre-rare-ced5c539-e171-4a3b-9869-0c42c012cxlk_amp.shtml,"Opinioni | Accordo Congo , Ruanda e « terre rare » ",20250702T233000Z,https://dimages2.corriereobjects.it/files/og_thumbnail/uploads/2025/07/02/68656a9b94a74.jpeg,corriere.it,Italian,Italy
https://www.notizie.it/germania-e-cina-come-le-restrizioni-sulle-terre-rare-influenzano-il-commercio/,,Germania e Cina : come le restrizioni sulle terre rare influenzano il commercio,20250704T043000Z,https://www.notizie.it/wp-content/uploads/2019/03/default_featured_image-3-1200x900.png,notizie.it,Italian,Italy
https://www.dagospia.com/politica/successione-dalai-lama-diventa-caso-diplomatico-per-cina-pechino-pretende-439856,https://m.dagospia.com/politica/successione-dalai-lama-diventa-caso-diplomatico-per-cina-pechino-pretende-439856,La successione del dalai lama diventa un caso diplomatico per la cina . pechino pretende di scelgliere,20250703T123000Z,https://static.dagospia.com/img/patch/07-2025/dalai-lama-xi-jinping-2149571_600_q50.webp,dagospia.com,Italian,Italy
https://www.calcionapoli24.it/rassegna_stampa/il-giornale-kean-nel-casting-attaccanti-napoli-ma-serve-cedere-prima-n653092.html,https://m.calcionapoli24.it/rassegna_stampa/il-giornale-kean-nel-casting-attaccanti-napoli-ma-serve-cedere-prima-n653092.html,"Il Giornale - Kean nel casting attaccanti Napoli , ma serve cedere prima Osimhen",20250706T001500Z,https://resource.calcionapoli24.it/www/thumbs/643x350/1736064176_188.jpg,calcionapoli24.it,Italian,Italy
https://www.tuttomercatoweb.com/serie-a/genoa-e-iniziata-la-nuova-stagione-visite-mediche-in-corso-per-nicolae-stanciu-2121702,https://m.tuttomercatoweb.com/amp/serie-a/genoa-e-iniziata-la-nuova-stagione-visite-mediche-in-corso-per-nicolae-stanciu-2121702,"Genoa , è iniziata la nuova stagione : visite mediche in corso per Nicolae Stanciu",20250707T083000Z,https://tmw-storage.tcccdn.com/storage/tuttomercatoweb.com/img_notizie/thumb3/15/15aefa8068a7b342e4b8de622d893483-72094-oooz0000.jpeg,tuttomercatoweb.com,Italian,Italy
https://www.viveresanbenedetto.it/altrigiornali/14/106631-2025,,Dazi al centro del vertice Brics in Brasile . Grandi assenti Xi e Putin • Vivere San Benedetto notizie per la città e il territorio,20250706T014500Z,https://www.viveresanbenedetto.it/upload/2025_07/1497344_dazi_container_afp..jpg,viveresanbenedetto.it,Italian,Italy
https://www.ansa.it/sito/notizie/mondo/2025/07/02/kiev-convoca-lincaricato-daffari-usa-dopo-stop-a-armi_a39c9e1f-35a1-4a72-9178-16d06e3bbf2c.html,https://www.ansa.it/amp/sito/notizie/mondo/2025/07/02/kiev-convoca-lincaricato-daffari-usa-dopo-stop-a-armi_a39c9e1f-35a1-4a72-9178-16d06e3bbf2c.html,Kiev convoca lincaricato daffari united states dopo stop a armi - Notizie,20250702T104500Z,https://www.ansa.it/webimages/img_1129x635/2024/6/11/c1c7b669a762004b725724e94bbf4a6e.jpg,ansa.it,Italian,Italy
https://tuttoggi.info/dazi-al-centro-del-vertice-brics-in-brasile-grandi-assenti-xi-e-putin/922066/,https://tuttoggi.info/dazi-al-centro-del-vertice-brics-in-brasile-grandi-assenti-xi-e-putin/922066/amp/,Dazi al centro del vertice Brics in Brasile . Grandi assenti Xi e Putin,20250706T001500Z,https://tuttoggi.info/wp-content/uploads/sites/3/2025/07/dazi_container_afp.jpeg,tuttoggi.info,Italian,Italy
https://quotidianodifoggia.it/dazi-al-centro-del-vertice-brics-in-brasile-grandi-assenti-xi-e-putin/,,Dazi al centro del vertice Brics in Brasile . Grandi assenti Xi e Putin,20250706T001500Z,,quotidianodifoggia.it,Italian,Italy
https://www.meridiananotizie.it/2025/07/primo-piano/dazi-al-centro-del-vertice-brics-in-brasile-grandi-assenti-xi-e-putin/,,Dazi al centro del vertice Brics in Brasile . Grandi assenti Xi e Putin,20250706T001500Z,,meridiananotizie.it,Italian,Italy
https://www.ilfattonisseno.it/2025/07/dazi-al-centro-del-vertice-brics-in-brasile-grandi-assenti-xi-e-putin/,,Dazi al centro del vertice Brics in Brasile . Grandi assenti Xi e Putin,20250705T234500Z,https://www.ilfattonisseno.it/wp-content/uploads/2025/07/Dazi-al-centro-del-vertice-Brics-in-Brasile.-Grandi-assenti-Xi-e-Putin.jpg,ilfattonisseno.it,Italian,Italy
https://www.vglobale.it/2025/07/06/dazi-al-centro-del-vertice-brics-in-brasile-grandi-assenti-xi-e-putin/,,Dazi al centro del vertice Brics in Brasile . Grandi assenti Xi e Putin,20250706T023000Z,https://www.vglobale.it/wp-content/uploads/2018/04/td_1068x580.png,vglobale.it,Italian,Italy
https://www.valledaostaglocal.it/2025/07/06/leggi-notizia/argomenti/ultimora/articolo/dazi-al-centro-del-vertice-brics-in-brasile-grandi-assenti-xi-e-putin.html,https://www.valledaostaglocal.it/2025/07/06/amp/argomenti/ultimora/articolo/dazi-al-centro-del-vertice-brics-in-brasile-grandi-assenti-xi-e-putin.html,Dazi al centro del vertice Brics in Brasile . Grandi assenti Xi e Putin,20250706T004500Z,https://www.valledaostaglocal.it/fileadmin/archivio/adnkronos/imported/www.adnkronos.com_resources_029b-1e2a967ec475-4cf0e3d6ec9a-1000_format_medium_dazi_container_afp.jpeg.jpeg,valledaostaglocal.it,Italian,Italy
https://quotidianodibari.it/dazi-al-centro-del-vertice-brics-in-brasile-grandi-assenti-xi-e-putin/,,Dazi al centro del vertice Brics in Brasile . Grandi assenti Xi e Putin,20250706T011500Z,,quotidianodibari.it,Italian,Italy
https://www.torinoggi.it/2025/07/06/leggi-notizia/argomenti/ultimora/articolo/dazi-al-centro-del-vertice-brics-in-brasile-grandi-assenti-xi-e-putin.html,https://www.torinoggi.it/2025/07/06/amp/argomenti/ultimora/articolo/dazi-al-centro-del-vertice-brics-in-brasile-grandi-assenti-xi-e-putin.html,Dazi al centro del vertice Brics in Brasile . Grandi assenti Xi e Putin,20250706T063000Z,https://www.torinoggi.it/fileadmin/archivio/adnkronos/imported/www.adnkronos.com_resources_029b-1e2a967ec475-4cf0e3d6ec9a-1000_format_medium_dazi_container_afp.jpeg.jpeg,torinoggi.it,Italian,Italy
https://www.ilfattoquotidiano.it/2025/07/04/la-storia-di-wang-ning-cosi-a-35-anni-e-diventato-uno-degli-uomini-piu-ricchi-della-cina-grazie-ai-labubu/8050061/,https://www.ilfattoquotidiano.it/2025/07/04/la-storia-di-wang-ning-cosi-a-35-anni-e-diventato-uno-degli-uomini-piu-ricchi-della-cina-grazie-ai-labubu/8050061/amp/,  Il fondatore di Pop Mart è uno degli uomini più ricchi della Cina grazie ai Labubu : la storia di Wang Ning,20250704T111500Z,https://st.ilfattoquotidiano.it/wp-content/uploads/2025/07/04/Wang-Ning-Labubu.jpg,ilfattoquotidiano.it,Italian,Italy
https://www.borsaitaliana.it/borsa/notizie/radiocor/economia/dettaglio/cina-a-giugno-vendite-di-auto-18-su-anno-nRC_08072025_1202_316107389.html,,Cina : a giugno vendite di auto +18 % su anno,20250708T110000Z,,borsaitaliana.it,Italian,Italy
https://www.tuttomercatoweb.com/serie-a/jonathan-david-e-della-juventus-accordo-raggiunto-nella-notte-presto-visite-e-firma-2120056,https://m.tuttomercatoweb.com/amp/serie-a/jonathan-david-e-della-juventus-accordo-raggiunto-nella-notte-presto-visite-e-firma-2120056,Jonathan David è della Juventus ! Accordo raggiunto nella notte : presto visite e firma,20250702T080000Z,https://tmw-storage.tcccdn.com/storage/tuttomercatoweb.com/img_notizie/thumb3/55/55db16554262f26e0e7724859c4ad5c6-06518-oooz0000.jpeg,tuttomercatoweb.com,Italian,Italy
https://www.notizie.it/successo-del-dalai-lama-cosa-ce-da-sapere-sulla-sua-successione/,,Successo del Dalai Lama : cosa c  è da sapere sulla sua successione,20250705T093000Z,https://www.notizie.it/wp-content/uploads/2019/03/default_featured_image-3-1200x900.png,notizie.it,Italian,Italy
https://www.lantidiplomatico.it/dettnews-pepe_escobar__entrano_dieci_ministri_della_difesa_in_una_stanza_in_cina/39602_61718/,,Pepe Escobar - Entrano dieci ministri della difesa in una stanza in Cina ... ,20250702T073000Z,,lantidiplomatico.it,Italian,Italy
https://www.ansa.it/sito/notizie/topnews/2025/07/05/fonti-hamas-nuovo-round-di-colloqui-indiretti-a-doha_7008dace-b830-4df5-8cb8-c3445d9f4643.html,,"Fonti Hamas ,  nuovo round di colloqui indiretti a Doha  - Ultima ora",20250705T194500Z,https://www.ansa.it/webimages/img_1129x635/2024/11/28/8d3fc7c1739042517309983eb29dfb33.jpg,ansa.it,Italian,Italy
https://www.ansa.it/sito/notizie/mondo/mediooriente/2025/07/05/fonti-hamas-nuovo-round-di-colloqui-indiretti-a-doha_3839d316-7773-4b71-9c38-b811fba1b42d.html,https://www.ansa.it/amp/sito/notizie/mondo/mediooriente/2025/07/05/fonti-hamas-nuovo-round-di-colloqui-indiretti-a-doha_3839d316-7773-4b71-9c38-b811fba1b42d.html,"Fonti Hamas ,  nuovo round di colloqui indiretti a Doha  - Medio Oriente",20250705T211500Z,https://www.ansa.it/webimages/img_1129x635/2024/11/28/8d3fc7c1739042517309983eb29dfb33.jpg,ansa.it,Italian,Italy
https://www.tuttomercatoweb.com/rassegna-stampa/le-prime-pagine-dei-quotidiani-italiani-e-stranieri-di-oggi-giovedi-3-luglio-2120385,https://m.tuttomercatoweb.com/amp/rassegna-stampa/le-prime-pagine-dei-quotidiani-italiani-e-stranieri-di-oggi-giovedi-3-luglio-2120385,"Le prime pagine dei quotidiani italiani e stranieri di oggi , giovedì 3 luglio",20250703T070000Z,https://tmw-storage.tcccdn.com/storage/tuttomercatoweb.com/img_notizie/thumb3/0c/0cd8ba2e80e3d4c00394318ffcd5cad0-16103-oooz0000.jpeg,tuttomercatoweb.com,Italian,Italy
https://www.zazoom.it/2025-07-08/altri-quattordici-paesi-hanno-subito-la-minaccia-di-dazi-americani/17334887/,,Altri quattordici paesi hanno subito la minaccia di dazi americani,20250708T071500Z,https://www.linkiesta.it/wp-content/uploads/2025/07/guillaume-bolduc-ube2mknurg4-unsplash.jpg,zazoom.it,Italian,Italy
https://www.zazoom.it/2025-07-08/dazi-ora-fate-presto/17335338/,,Dazi ora fate presto,20250708T083000Z,https://img.ilgcdn.com/sites/default/files/styles/social/public/foto/2025/04/07/1744002835-azyblpsjytfg4bjpip7p-ansa.jpeg?_=1744002835,zazoom.it,Italian,Italy
https://www.ilgiornale.it/news/difesa/drone-super-stealth-cina-funziona-robot-zanzara-2503915.html,,Il drone super stealth della Cina : come funziona il robot zanzara,20250704T063000Z,https://img.ilgcdn.com/sites/default/files/styles/social/public/foto/2025/06/20/1750427046-33c8eb4d-94d4-4fc4-be91-f508a9b955f1-5a3415c1.jpg?_=1750427046,ilgiornale.it,Italian,Italy
